,name,title,start,end,id,specifier
0,Ola Ullsten,Statsminister,1978-10-18,1979-10-12,ola_ullsten_minister_1978,
1,Carl Tham,Energi- och samordningsminister,1978-10-18,1979-10-12,carl_tham_minister_1978,
2,Sven Romanus,Justitieminister,1976-10-08,1979-10-12,sven_romanus_minister_1976,
3,Hans Blix,Utrikes- och biståndsminister,1978-10-18,1979-10-12,hans_blix_minister_1978,
4,Lars De Geer,Försvarsminister,1978-10-18,1979-10-12,lars_de_geer_minister_1978,
5,Gabriel Romanus,Socialminister,1978-10-18,1979-10-12,gabriel_romanus_minister_1978,
6,Hedda Lindahl,Sjukvårdsminister,1978-10-18,1979-10-12,hedda_lindahl_minister_1978,
7,Anitha Bondestam,Kommunikationsminister,1978-10-18,1979-10-12,anitha_bondestam_minister_1978,
8,Ingemar Mundebo,Ekonomiminister,1978-10-18,1979-10-12,ingemar_mundebo_minister_1978,
9,Ingemar Mundebo,Budgetminister,1976-11-25,1980-07-31,ingemar_mundebo_minister_1976,
10,Marianne Wahlberg,Löneminister,1978-10-18,1979-10-12,marianne_wahlberg_minister_1978,
11,Jan-Erik Wikström,Utbildningsminister,1976-10-08,1982-10-08,jan-erik_wikström_minister_1976,
12,Birgit Rodhe,Skolminister,1978-10-18,1979-10-12,birgit_rodhe_minister_1978,
13,Eric Enlund,Jordbruksminister,1978-10-18,1979-10-12,eric_enlund_minister_1978,
14,Hadar Cars,Handelsminister,1978-10-18,1979-10-12,hadar_cars_minister_1978,
15,Rolf Wirtén,Arbetsmarknadsminister,1978-03-07,1980-07-31,rolf_wirtén_minister_1978,
16,Eva Winther,Invandrar- och jämställdhetsminister,1978-10-18,1979-10-12,eva_winther_minister_1978,
17,Birgit Friggebo,Bostadsminister,1978-10-18,1979-10-12,birgit_friggebo_minister_1978,
18,Erik Huss,Industriminister,1978-10-18,1979-10-12,erik_huss_minister_1978,
19,Bertil Hansson,Kommun- och kyrkominister samt minister för nordiskt samarbete,1978-10-18,1979-10-12,bertil_hansson_minister_1978,
20,Göran Persson,Statsminister,1996-03-22,2006-10-06,göran_persson_minister_1996,
21,Lena Hjelm-Wallén,Vice statsminister,1998-10-07,2002-10-21,lena_hjelm-wallén_minister_1998,
22,Margareta Winberg,Vice statsminister,2002-10-21,2003-10-31,margareta_winberg_minister_2002,
23,Lars Engqvist,Vice statsminister,2004-06-01,2004-10-01,lars_engqvist_minister_2004,
24,Bosse Ringholm,Vice statsminister och idrottsminister,2004-11-01,2006-10-06,bosse_ringholm_minister_2004,
25,Leif Pagrotsky,Samordningsminister och Minister för vapenexportfrågor,1996-03-22,1997-02-01,leif_pagrotsky_minister_1996,
26,Thage G Peterson,Samordningsminister och Minister för vapenexportfrågor,1997-02-01,1998-10-07,thage_g_peterson_minister_1997,
27,Pär Nuder,Samordningsminister och Minister för vapenexportfrågor,2002-10-21,2004-10-21,pär_nuder_minister_2002,
28,Bosse Ringholm,Samordningsminister i EU-frågor,2005-01-01,2006-10-06,bosse_ringholm_minister_2005,
29,Laila Freivalds,Justitieminister,1994-10-07,2000-09-21,laila_freivalds_minister_1994,
30,Lena Hjelm-Wallén,Justitieminister,2000-09-21,2000-10-16,lena_hjelm-wallén_minister_2000,
31,Thomas Bodström,Justitieminister,2000-10-16,2006-10-06,thomas_bodström_minister_2000,
32,Britta Lejon,Demokrati- konsument- och förvaltningsminister,1998-10-07,2000-10-16,britta_lejon_minister_1998,
33,Britta Lejon,Demokrati- konsument- ungdoms- och förvaltningsminister,2000-10-16,2002-10-15,britta_lejon_minister_2000,
34,Mona Sahlin,Demokrati- integrations- jämställdhets- och idrottsminister,2000-10-21,2004-10-21,mona_sahlin_minister_2000,
35,Jens Orback,Demokrati- storstads- integrations- och  jämställdhetsminister,2004-10-21,2006-10-06,jens_orback_minister_2004,
36,Lena Hjelm-Wallén,Utrikesminister,1994-10-07,1998-10-07,lena_hjelm-wallén_minister_1994,
37,Anna Lindh,Utrikesminister,1998-10-07,2003-09-11,anna_lindh_minister_1998,
38,Jan O Karlsson,Utrikesminister,2021-09-11,2003-10-10,jan_o_karlsson_minister_2021,
39,Laila Freivalds,Utrikesminister,2003-10-10,2006-03-21,laila_freivalds_minister_2003,
40,Bo Ringholm,Utrikesminister,2006-03-21,2006-03-27,bo_ringholm_minister_2006,
41,Carin Jämtin,Utrikesminister,2006-03-27,2006-04-24,carin_jämtin_minister_2006,
42,Jan Eliasson,Utrikesminister,2006-04-24,2006-10-06,jan_eliasson_minister_2006,
43,Pierre Schori,Biståndsminister,1994-10-07,1999-09-14,pierre_schori_minister_1994,
44,Maj-Inger Klingvall,Biståndsminister,1999-09-14,2001-11-16,maj-inger_klingvall_minister_1999,
45,Jan O Karlssonn ,Biståndsminister,2002-01-07,2003-10-10,jan_o_karlssonn__minister_2002,
46,Carin Jämtin,Biståndsminister,2003-10-10,2006-10-06,carin_jämtin_minister_2003,
47,Pierre Schori,Migrationsminister,1996-03-22,1999-09-14,pierre_schori_minister_1996,
48,Maj-Inger Klingvall,Migrationsminister,1999-09-14,2001-11-16,maj-inger_klingvall_minister_1999,
49,Jan O Karlsson,Migrationsminister,2002-01-07,2003-10-10,jan_o_karlsson_minister_2002,
50,Barbro Holmberg,Migrationsminister,2003-10-10,2006-10-06,barbro_holmberg_minister_2003,
51,Leif Pagrotsky,Utrikeshandelsminister och minister för nordiskt samarbete,1997-02-01,2002-10-21,leif_pagrotsky_minister_1997,
52,Thage G Peterson,Försvarsminister,1994-10-07,1997-02-01,thage_g_peterson_minister_1994,
53,Björn von Sydow,Försvarsminister,1997-02-01,2002-09-30,björn_von_sydow_minister_1997,
54,Lena Hjelm-Wallén,Försvarsminister,2002-09-30,2002-10-21,lena_hjelm-wallén_minister_2002,
55,Pär Nuder,Försvarsminister,2002-10-21,2002-11-03,pär_nuder_minister_2002,
56,Leni Björklund,Försvarsminister,2002-11-04,2006-10-06,leni_björklund_minister_2002,
57,Margot Wallström,Socialminister,1996-03-22,1998-10-07,margot_wallström_minister_1996,
58,Anders Sundström,Socialminister,1998-10-07,1998-10-26,anders_sundström_minister_1998,
59,Maj-Inger Klingvall,Socialminister,1998-10-26,1998-11-16,maj-inger_klingvall_minister_1998,
60,Lars Engqvist,Socialminister,1998-11-16,2004-10-01,lars_engqvist_minister_1998,
61,Berit Andnor,Socialminister,2004-10-01,2006-10-06,berit_andnor_minister_2004,
62,Maj-Inger Klingvall,Socialförsäkringsminister,1996-03-22,1999-09-14,maj-inger_klingvall_minister_1996,
63,Ingela Thalén,Socialförsäkringsminister,1999-09-14,2002-10-10,ingela_thalén_minister_1999,
64,Morgan Johansson,Folkhälso- och socialtjänstminister,2002-10-21,2006-10-06,morgan_johansson_minister_2002,
65,Berit Andnor,Barn- och familjeminister,2002-10-21,2004-10-01,berit_andnor_minister_2002,
66,Ylva Johansson,Vård- och äldreomsorgsminister,2004-10-01,2006-10-06,ylva_johansson_minister_2004,
67,Berit Andnor,Minister för nordiskt samarbete,2002-10-21,2006-10-06,berit_andnor_minister_2002,
68,Ines Uusmann,Kommunikations- och IT-minister,1994-10-07,1998-10-06,ines_uusmann_minister_1994,
69,Björn Rosengren,Kommunikations- och IT-minister,1998-10-07,1998-12-31,björn_rosengren_minister_1998,
70,Erik Åsbrink,Finansminister,1996-03-22,1999-04-12,erik_åsbrink_minister_1996,
71,Bosse Ringholm,Finansminister,1999-04-12,2004-10-21,bosse_ringholm_minister_1999,
72,Pär Nuder,Finansminister,2004-10-21,2006-10-06,pär_nuder_minister_2004,
73,Thomas Östros,Skatte- och bostadsminister,1996-03-22,1998-10-07,thomas_östros_minister_1996,
74,Lars Engqvist,Kommun- och bostadsminister,1998-10-07,1998-11-16,lars_engqvist_minister_1998,
75,Lars-Erik Lövdén,Kommun- och bostadsminister,1998-11-16,2004-10-21,lars-erik_lövdén_minister_1998,
76,Gunnar Lund,Finansmarknadsminister och minister för internationell ekonomi,2002-10-21,2004-10-21,gunnar_lund_minister_2002,
77,Sven-Erik Österberg,Kommun- och finansmarknadsminister,2004-10-21,2006-10-06,sven-erik_österberg_minister_2004,
78,Carl Tham,Utbildningsminister,1994-10-07,1998-10-07,carl_tham_minister_1994,
79,Thomas Östros,Utbildningsminister,1998-10-07,2004-10-21,thomas_östros_minister_1998,
80,Leif Pagrotsky,Utbildningsminister,2004-10-21,2006-10-06,leif_pagrotsky_minister_2004,
81,Leif Pagrotsky,Kulturminister,2005-01-01,2006-10-06,leif_pagrotsky_minister_2005,
82,Ylva Johansson,Skolminister,1994-10-07,1998-10-07,ylva_johansson_minister_1994,
83,Ingegerd Wärnersson,Skolminister,1998-10-07,2002-01-16,ingegerd_wärnersson_minister_1998,
84,Thomas Östros,Skolminister,2002-01-16,2004-10-21,thomas_östros_minister_2002,
85,Ibrahim Baylan,Skolminister,2004-10-21,2006-10-06,ibrahim_baylan_minister_2004,
86,Leif Pagrotsky,Forskningsminister,2004-09-13,2006-10-06,leif_pagrotsky_minister_2004,
87,Lena Hallengren,Förskole- och ungdomsminister minister för vuxnas lärande,2002-10-21,2006-10-06,lena_hallengren_minister_2002,
88,Lena Hallengren,Kyrkominister,2004-09-13,2006-10-06,lena_hallengren_minister_2004,
89,Annika Åhnberg,Jordbruksminister,1996-03-22,1998-10-07,annika_åhnberg_minister_1996,
90,Margareta Winberg,Jordbruks- och jämställdhetsminister,1998-10-07,2002-10-21,margareta_winberg_minister_1998,
91,Ann-Christin Nykvist,Jordbruks- och konsumentminister,2002-10-21,2006-10-06,ann-christin_nykvist_minister_2002,
92,Margareta Winberg,Arbetsmarknadsminister och minister för nordiskt samarbete,1996-03-22,1998-10-07,margareta_winberg_minister_1996,
93,Björn Rosengren,Arbetsmarknadsminister och minister för nordiskt samarbete,1998-10-07,1998-12-31,björn_rosengren_minister_1998,
94,Ulrica Messing,Jämställdhets- och arbetsrättsminister,1996-03-22,1998-10-07,ulrica_messing_minister_1996,
95,Anders Sundström,Näringsminister,1996-03-22,1998-10-07,anders_sundström_minister_1996,
96,Björn Rosengren,Näringsminister,1998-10-07,2002-10-15,björn_rosengren_minister_1998,
97,Mona Sahlin,Näringsminister,2002-10-15,2002-10-21,mona_sahlin_minister_2002,
98,Leif Pagrotsky,Näringsminister,2002-10-21,2004-10-21,leif_pagrotsky_minister_2002,
99,Thomas Östros,Näringsminister,2004-10-21,2006-10-06,thomas_östros_minister_2004,
100,Mona Sahlin,Arbetslivsminister,1998-10-07,2002-10-15,mona_sahlin_minister_1998,
101,Hans Karlsson,Arbetslivsminister,2002-10-15,2006-10-06,hans_karlsson_minister_2002,
102,Ulrica Messing,Infrastrukturminister,2000-10-21,2006-10-07,ulrica_messing_minister_2000,
103,Björn von Sydow,Handelsminister,1996-03-22,1997-02-01,björn_von_sydow_minister_1996,
104,Jörgen Andersson,Civilminister,1996-03-22,1996-06-30,jörgen_andersson_minister_1996,
105,Jörgen Andersson,Inrikesminister,1996-07-01,1998-10-07,jörgen_andersson_minister_1996,
106,Lars Engqvist,Inrikesminister,1998-10-07,1998-11-16,lars_engqvist_minister_1998,
107,Lars-Erik Lövdén,Inrikesminister,1998-11-16,1998-12-31,lars-erik_lövdén_minister_1998,
108,Leif Blomberg,Integrations- idrotts- ungdoms- och konsumentminister,1996-03-22,1998-03-02,leif_blomberg_minister_1996,
109,Lars Engqvist,Integrations- idrotts- ungdoms- och konsumentminister,1998-03-25,1998-10-07,lars_engqvist_minister_1998,
110,Marita Ulvskog,Kulturminister,1996-03-22,2004-09-13,marita_ulvskog_minister_1996,
111,Pär Nuder,Kulturminister,2004-09-13,2004-10-21,pär_nuder_minister_2004,
112,Leif Pagrotsky,Kulturminister,2004-10-21,2004-12-31,leif_pagrotsky_minister_2004,
113,Marita Ulvskog,Kyrkominister,1996-03-22,2004-09-13,marita_ulvskog_minister_1996,
114,Ulrica Messing,Integrations- idrotts- och ungdomsminister,1998-10-07,2000-10-21,ulrica_messing_minister_1998,
115,Anna Lindh,Miljöministern ,1994-10-07,1998-10-07,anna_lindh_minister_1994,
116,Kjell Larsson,Miljöministern ,1998-10-07,2002-10-15,kjell_larsson_minister_1998,
117,Lena Sommestad,Miljöministern ,2002-10-21,2006-10-06,lena_sommestad_minister_2002,
118,Mona Sahlin,Samhällsbyggnads- bostads- och energiminister,2004-10-21,2006-10-06,mona_sahlin_minister_2004,
119,Lena Sommestad,Biträdande miljöminister,2002-01-16,2002-10-21,lena_sommestad_minister_2002,
120,Carl Gustaf Ekman,Statsminister,1926-06-07,1928-10-02,carl_gustaf_ekman_minister_1926,
121,Eliel Löfgren,Utrikesminister,1926-06-07,1928-10-02,eliel_löfgren_minister_1926,
122,Johan Thyrén,Justitieminister,1926-06-07,1928-10-02,johan_thyrén_minister_1926,
123,Gustav Rosén,Försvarsminister,1926-06-07,1928-10-02,gustav_rosén_minister_1926,
124,Jakob Pettersson,Socialminister,1926-06-07,1928-10-02,jakob_pettersson_minister_1926,
125,Carl Meurling,Kommunikationsminister,1926-06-07,1928-10-02,carl_meurling_minister_1926,
126,Carl Gustaf Ekman,Finansminister,1926-06-07,1926-09-30,carl_gustaf_ekman_minister_1926,
127,Ernst Lyberg,Finansminister,1926-09-30,1928-10-02,ernst_lyberg_minister_1926,
128,John Almkvist,Ecklesiastikminister,1926-06-07,1928-10-02,john_almkvist_minister_1926,
129,Paul Hellström,Jordbruksminister,1926-06-07,1927-07-03,paul_hellström_minister_1926,
130,Bo von Stockenström,Jordbruksminister,1927-07-12,1928-10-02,bo_von_stockenström_minister_1927,
131,Felix Hamrin,Handelsminister,1926-06-07,1928-10-02,felix_hamrin_minister_1926,
132,Sigurd Ribbing,Konsultativt statsråd,1926-06-07,1928-10-02,sigurd_ribbing_minister_1926,
133,Natanael Gärde,Konsultativt statsråd,1926-06-07,1928-10-02,natanael_gärde_minister_1926,
134,Ernst Lyberg,Konsultativt statsråd,1926-06-07,2021-09-30,ernst_lyberg_minister_1926,
135,Per Albin Hansson,Statsminister,1945-07-31,1946-10-06,per_albin_hansson_minister_1945,
136,Herman Zetterberg,Justitieminister,1945-07-31,1946-10-06,herman_zetterberg_minister_1945,
137,Östen Undén,Utrikesminister,1945-07-31,1946-10-06,östen_undén_minister_1945,
138,Allan Vougt,Försvarsminister,1945-07-31,1946-10-06,allan_vougt_minister_1945,
139,Gustav Möller,Socialminister,1945-07-31,1946-10-06,gustav_möller_minister_1945,
140,Torsten Nilsson,Kommunikationsminister,1945-07-31,1946-10-06,torsten_nilsson_minister_1945,
141,Ernst Wigforss,Finansminister,1945-07-31,1946-10-06,ernst_wigforss_minister_1945,
142,Tage Erlander,Ecklesiastikminister,1945-07-31,1946-10-06,tage_erlander_minister_1945,
143,Per Edvin Sköld,Jordbruksminister,1945-07-31,1946-10-06,per_edvin_sköld_minister_1945,
144,Gunnar Myrdal,Handelsminister,1945-07-31,1946-10-06,gunnar_myrdal_minister_1945,
145,Axel Gjöres,Folkhushållningsminister,1945-07-31,1946-10-06,axel_gjöres_minister_1945,
146,Gunnar Danielson,Juristkonsult,1945-07-31,1946-10-06,gunnar_danielson_minister_1945,
147,Nils Quensel,Juristkonsult,1945-07-31,1946-10-06,nils_quensel_minister_1945,
148,Eije Mossberg,Bitr socialminister,1945-07-31,1946-10-06,eije_mossberg_minister_1945,
149,Gunnar Sträng,Bitr jordbruksminister,1945-07-31,1946-10-06,gunnar_sträng_minister_1945,
150,John Ericsson,Bränsleminister,1945-07-31,1946-10-06,john_ericsson_minister_1945, i Kinna
151,Stefan Löfven,Statsminister,2021-07-09,,stefan_löfven_minister_2021,
152,Hans Dahlgren,EU-minister,2021-07-09,,hans_dahlgren_minister_2021,
153,Morgan Johansson,Justitie- och migrationsminister,2021-07-09,,morgan_johansson_minister_2021,
154,Mikael Damberg,Inrikesminister,2021-07-09,,mikael_damberg_minister_2021,
155,Ann Linde,Utrikesminister,2021-07-09,,ann_linde_minister_2021,
156,Per Olsson Fridh,Minister för internationellt utvecklingssamarbete,2021-07-09,,per_olsson_fridh_minister_2021,
157,Anna Hallberg,Utrikeshandelsminister ochminister med ansvar för nordiska frågor,2021-07-09,,anna_hallberg_minister_2021,
158,Peter Hultqvist,Försvarsminister,2021-07-09,,peter_hultqvist_minister_2021,
159,Lena Hallengren,Socialminister,2021-07-09,,lena_hallengren_minister_2021,
160,Ardalan Shekarabi,Socialförsäkringsminister,2021-07-09,,ardalan_shekarabi_minister_2021,
161,Magdalena Andersson,Finansminister,2021-07-09,,magdalena_andersson_minister_2021,
162,Lena Micko,Civilminister,2021-07-09,,lena_micko_minister_2021,
163,Åsa Lindhagen,Finansmarknadsminister och biträdande finansminister,2021-07-09,,åsa_lindhagen_minister_2021,
164,Anna Ekström,Utbildningsminister,2021-07-09,,anna_ekström_minister_2021,
165,Matilda Ernkrans,Minister för högre utbildning och forskning,2021-07-09,,matilda_ernkrans_minister_2021,
166,Per Bolund,Miljö- och klimatminister samt vice statsminister,2021-07-09,,per_bolund_minister_2021,
167,Ibrahim Baylan,Näringsminister,2021-07-09,,ibrahim_baylan_minister_2021,
168,Amanda Lind,Kultur- och demokratiminister samtminister med ansvar för idrottsfrågorna,2021-07-09,,amanda_lind_minister_2021,
169,Eva Nordmark,Arbetsmarknadsminister,2021-07-09,,eva_nordmark_minister_2021,
170,Märta Stenevi,Jämställdhets- och bostadsminister med ansvar för stadsutveckling ocharbetet mot segregation och diskriminering,2021-07-09,,märta_stenevi_minister_2021,
171,Tomas Eneroth,Infrastrukturminister,2021-07-09,,tomas_eneroth_minister_2021,
172,Anders Ygeman,Energi- och digitaliseringsminister,2021-07-09,,anders_ygeman_minister_2021,
173,Thorbjörn Fälldin,Statsminister,1976-10-08,1978-10-18,thorbjörn_fälldin_minister_1976,
174,Sven Romanus,Justitieminister,1976-10-08,1978-10-18,sven_romanus_minister_1976,
175,Karin Söder,Utrikesminister,1976-10-08,1978-10-18,karin_söder_minister_1976,
176,Ola Ullsten,Biståndsminister,1976-10-08,1978-10-18,ola_ullsten_minister_1976,
177,Ola Ullsten,Invandrarminister,1977-01-11,1978-03-07,ola_ullsten_minister_1977,
178,Ola Ullsten,Vice statsminister,1978-03-07,1978-10-18,ola_ullsten_minister_1978,
179,Eric Krönmark,Försvarsminister,1976-10-08,1978-10-18,eric_krönmark_minister_1976,
180,Rune Gustavsson,Socialminister,1976-10-08,1978-10-18,rune_gustavsson_minister_1976,
181,Ingegerd Troedsson,Sjukvårdsminister,1976-10-08,1978-10-18,ingegerd_troedsson_minister_1976,
182,Bo Turesson,Kommunikationsminister,1976-10-08,1978-10-18,bo_turesson_minister_1976,
183,Gösta Bohman,Finansminister,1976-10-08,1976-11-25,gösta_bohman_minister_1976,
184,Ingemar Mundebo,Biträdande finansminister,1976-10-08,1976-11-25,ingemar_mundebo_minister_1976,
185,Gösta Bohman,Ekonomiminister,1976-11-25,1978-10-18,gösta_bohman_minister_1976,
186,Ingemar Mundebo,Budgetminister,1976-11-25,1978-10-18,ingemar_mundebo_minister_1976,
187,Jan-Erik Wikström,Utbildningsminister,1976-10-08,1978-10-18,jan-erik_wikström_minister_1976,
188,Britt Mogård,Skolminister,1976-10-08,1978-10-18,britt_mogård_minister_1976,
189,Anders Dahlgren,Jordbruksminister,1976-10-08,1978-10-18,anders_dahlgren_minister_1976,
190,Staffan Burenstam Linder,Handelsminister,1976-10-08,1978-10-18,staffan_burenstam_linder_minister_1976,
191,Per Ahlmark,Arbetsmarknads- och jämställdhetsminister  samt vice statsminister,1976-10-08,1978-03-07,per_ahlmark_minister_1976,
192,Rolf Wirtén,Arbetsmarknads- jämställdhets- och invandrarminister,1978-03-07,1978-10-18,rolf_wirtén_minister_1978,
193,Per Ahlmark,Invandrarminister,1976-10-08,1977-08-24,per_ahlmark_minister_1976,
194,Elvy Olsson,Bostadsminister,1976-10-08,1978-10-18,elvy_olsson_minister_1976,
195,Birgit Friggebo,Biträdande bostadsminister,1976-10-08,1978-10-18,birgit_friggebo_minister_1976,
196,Nils G Åsling,Industriminister,1976-10-08,1978-10-18,nils_g_åsling_minister_1976,
197,Olof Johansson,Energiminister,1976-10-08,1978-10-18,olof_johansson_minister_1976,
198,Johannes Antonsson,Kommun- och kyrkominister samt minister för nordiskt samarbete,1976-10-08,1978-10-18,johannes_antonsson_minister_1976,
199,Per-Albin Hansson,Statsminister,1939-12-13,1945-07-31,per-albin_hansson_minister_1939,
200,Karl Gustaf Westman,Justitieminister,1939-12-13,1943-08-30,karl_gustaf_westman_minister_1939,
201,Thorwald Bergquist,Justitieminister,1943-08-30,1945-07-31,thorwald_bergquist_minister_1943,
202,Christian Günther,Utrikesminister,1939-12-13,1945-07-31,christian_günther_minister_1939,
203,Per Edvin Sköld,Försvarsminister,1939-12-13,1945-07-31,per_edvin_sköld_minister_1939,
204,Gustav Möller,Socialminister,1939-12-13,1945-07-31,gustav_möller_minister_1939,
205,Gustaf Andersson,Kommunikationsminister,1939-12-13,1944-09-30,gustaf_andersson_minister_1939, i Rasjön
206,Fritiof Domö,Kommunikationsminister,1944-09-30,1945-07-31,fritiof_domö_minister_1944,
207,Ernst Wigforss,Finansminister,1939-12-13,1945-07-31,ernst_wigforss_minister_1939,
208,Gösta Bagge,Ecklesiastikminister,1939-12-13,1944-12-15,gösta_bagge_minister_1939,
209,Georg Andrén,Ecklesiastikminister,1944-12-15,1945-07-31,georg_andrén_minister_1944,
210,Axel Pehrsson-Bramstorp,Jordbruksminister,1939-12-13,1945-07-31,axel_pehrsson-bramstorp_minister_1939,
211,Fritiof Domö,Handelsminister,1939-12-13,1941-03-07,fritiof_domö_minister_1939,
212,Herman Eriksson,Handelsminister,1941-03-07,1944-09-30,herman_eriksson_minister_1941,
213,Bertil Ohlin,Handelsminister,1944-09-30,1945-07-31,bertil_ohlin_minister_1944,
214,Herman Eriksson,Folkhushållningsminister,1939-12-13,1941-03-07,herman_eriksson_minister_1939,
215,Axel Gjöres,Folkhushållningsminister,1941-03-07,1945-07-31,axel_gjöres_minister_1941,
216,Nils Quensel,Juristkonsult,1939-12-13,1940-10-11,nils_quensel_minister_1939,
217,Edgar Rosander,Juristkonsult,1940-10-11,1944-09-30,edgar_rosander_minister_1940,
218,Gunnar Danielson,Juristkonsult,1944-09-30,1945-07-31,gunnar_danielson_minister_1944,
219,Thorwald Bergquist,Juristkonsult,1939-12-13,1943-08-30,thorwald_bergquist_minister_1939,
220,Nils Quensel,Juristkonsult,1943-08-30,1945-07-31,nils_quensel_minister_1943,
221,Fritiof Domö,Bränsleminister,1941-03-07,1944-09-30,fritiof_domö_minister_1941,
222,Axel Rubbestad,Bränsleminister,1944-09-30,1945-07-31,axel_rubbestad_minister_1944,
223,Knut G Ewerlöf,Frågor inom finans- och försvarsdep,1941-03-07,1945-07-31,knut_g_ewerlöf_minister_1941,
224,Axel Rubbestad,Civilförsvarsminister,1943-08-30,1944-09-30,axel_rubbestad_minister_1943,
225,Tage Erlander,Civilförsvars- och bitr socialminister,1944-09-30,1945-07-31,tage_erlander_minister_1944,
226,Thorbjörn Fälldin,Statsminister,1979-10-12,1981-05-22,thorbjörn_fälldin_minister_1979,
227,Håkan Winberg,Justitieminister,1979-10-12,1981-05-05,håkan_winberg_minister_1979,
228,Carl Axel Petri,Justitieminister,1981-05-05,1981-05-22,carl_axel_petri_minister_1981,
229,Carl Axel Petri,Energi- och straffrättsminister,1979-11-06,1981-05-22,carl_axel_petri_minister_1979,
230,Ola Ullsten,Utrikes- och biståndsminister,1979-10-12,1981-05-22,ola_ullsten_minister_1979,
231,Ola Ullsten,Vice statsminister,1980-08-01,1981-05-22,ola_ullsten_minister_1980,
232,Eric Krönmark,Försvarsminister,1979-10-12,1981-05-05,eric_krönmark_minister_1979,
233,Anders Dahlgren,Försvarsminister,1981-05-05,1981-05-22,anders_dahlgren_minister_1981,
234,Karin Söder,Socialminister,1979-10-12,1981-05-22,karin_söder_minister_1979,
235,Elisabet Holm,Sjukvårdsminister,1979-10-12,1981-05-05,elisabet_holm_minister_1979,
236,Ulf Adelsohn,Kommunikationsminister,1979-10-12,1981-05-05,ulf_adelsohn_minister_1979,
237,Olof Johansson,Kommunikationsminister,1981-05-05,1981-05-22,olof_johansson_minister_1981,
238,Gösta Bohman,Ekonomiminister,1979-10-12,1981-05-05,gösta_bohman_minister_1979,
239,Rolf Wirtén,Ekonomiminister,1981-05-05,1981-05-22,rolf_wirtén_minister_1981,
240,Ingemar Mundebo,Budgetminister,1979-10-12,1980-07-31,ingemar_mundebo_minister_1979,
241,Rolf Wirtén,Budgetminister,1980-08-01,1981-05-22,rolf_wirtén_minister_1980,
242,Olof Johansson,Personal- och löneminister,1979-10-12,1981-05-22,olof_johansson_minister_1979,
243,Jan-Erik Wikström,Utbildningsminister,1979-10-12,1981-05-22,jan-erik_wikström_minister_1979,
244,Britt Mogård,Skolminister,1979-10-12,1981-05-05,britt_mogård_minister_1979,
245,Anders Dahlgren,Jordbruksminister,1979-10-12,1981-05-22,anders_dahlgren_minister_1979,
246,Staffan Burenstam Linder,Handelsminister och  minister för nordiskt samarbete,1979-10-12,1981-05-05,staffan_burenstam_linder_minister_1979,
247,Jan-Erik Wikström,Handelsminister och  minister för nordiskt samarbete,1981-05-05,1981-05-22,jan-erik_wikström_minister_1981,
248,Rolf Wirtén,Arbetsmarknadsminister,1979-10-12,1980-07-31,rolf_wirtén_minister_1979,
249,Ingemar Eliasson,Arbetsmarknadsminister,1980-07-31,1981-05-22,ingemar_eliasson_minister_1980,
250,Karin Andersson,Invandrar- och jämställdhetsminister,1979-10-12,1981-05-22,karin_andersson_minister_1979,
251,Birgit Friggebo,Bostadsminister,1979-10-12,1981-05-22,birgit_friggebo_minister_1979,
252,Georg Danell,Planminister,1979-10-12,1981-05-05,georg_danell_minister_1979,
253,Nils G Åsling,Industriminister,1979-10-12,1981-05-22,nils_g_åsling_minister_1979,
254,Karl Boo,Kommun- och kyrkominister,1979-10-12,1981-05-22,karl_boo_minister_1979,
255,Arvid Lindman,Statsminister,1928-10-02,1930-06-07,arvid_lindman_minister_1928,
256,Georg Bissmark,Justitieminister,1928-10-02,1930-06-07,georg_bissmark_minister_1928,
257,Ernst Trygger,Utrikesminister,1928-10-02,1930-06-07,ernst_trygger_minister_1928,
258,Harald Malmberg,Försvarsminister,1928-10-02,1930-06-07,harald_malmberg_minister_1928,
259,Sven Lübeck,Socialminister,1928-10-02,1930-06-07,sven_lübeck_minister_1928,
260,Theodor Borell,Kommunikationsminister,1928-10-02,1930-06-07,theodor_borell_minister_1928,
261,Nils Wohlin,Finansminister,1928-10-02,1929-06-10,nils_wohlin_minister_1928,
262,Adolf Dahl,Finansminister,1929-06-10,1930-06-07,adolf_dahl_minister_1929,
263,Claes Lindskog,Ecklesiastikminister,1928-10-02,1930-06-07,claes_lindskog_minister_1928,
264,Johan Bernhard Johansson,Jordbruksminister,1928-10-02,1930-06-07,johan_bernhard_johansson_minister_1928,
265,Vilhelm Lundvik,Handelsminister,1928-10-02,1930-06-07,vilhelm_lundvik_minister_1928,
266,August Beskow,Konsultativt statsråd,1928-10-02,1930-06-07,august_beskow_minister_1928,
267,Nils Vult von Steyern,Konsultativt statsråd,1928-10-02,1930-06-07,nils_vult_von_steyern_minister_1928,
268,Ingvar Carlsson,Statsminister,1994-10-07,1996-03-22,ingvar_carlsson_minister_1994,
269,Mona Sahlin,Vice statsminister,1994-10-07,1995-11-16,mona_sahlin_minister_1994,
270,Jan Nygren,Samordningsminister,1994-10-07,1996-03-22,jan_nygren_minister_1994,
271,Laila Freivalds,Justitieminister,1994-10-07,1996-03-22,laila_freivalds_minister_1994,
272,Lena Hjelm-Wallén,Utrikesminister,1994-10-07,1996-03-22,lena_hjelm-wallén_minister_1994,
273,Pierre Schori,Biståndsminister,1994-10-07,1996-03-22,pierre_schori_minister_1994,
274,Mats Hellström,Europa- och utrikeshandelsministersamt minister för nordiskt samarbete,1994-10-07,1996-03-22,mats_hellström_minister_1994,
275,Thage G Peterson,Försvarsminister,1994-10-07,1996-03-22,thage_g_peterson_minister_1994,
276,Ingela Thalén,Socialminister,1994-10-07,1996-03-22,ingela_thalén_minister_1994,
277,Anna Hedborg,Sjukförsäkringsminister,1994-10-07,1996-03-22,anna_hedborg_minister_1994,
278,Göran Persson,Finansminister,1994-10-07,1996-03-22,göran_persson_minister_1994,
279,Carl Tham,Utbildningsminister,1994-10-07,1996-03-22,carl_tham_minister_1994,
280,Ylva Johansson,Skolminister,1994-10-07,1996-03-22,ylva_johansson_minister_1994,
281,Margareta Winberg,Jordbruksminister,1994-10-07,1996-03-22,margareta_winberg_minister_1994,
282,Anna Lindh,Miljöminister,1994-10-07,1996-03-22,anna_lindh_minister_1994,
283,Sten Heckscher,Näringsminister,1994-10-07,1996-02-05,sten_heckscher_minister_1994,
284,Jörgen Andersson,Näringsminister,1996-02-05,1996-03-22,jörgen_andersson_minister_1996,
285,Jörgen Andersson,Bostads- och energiminister,1994-10-07,1996-03-22,jörgen_andersson_minister_1994,
286,Margot Wallström,Kulturminister,1994-10-07,1996-03-22,margot_wallström_minister_1994,
287,Anders Sundström,Arbetsmarknadsminister,1994-10-07,1996-03-22,anders_sundström_minister_1994,
288,Leif Blomberg,Invandrar- och arbetsrättsminister,1994-10-07,1996-03-22,leif_blomberg_minister_1994,
289,Ines Uusmann,Kommunikationsminister,1994-10-07,1996-03-22,ines_uusmann_minister_1994,
290,Marita Ulvskog,Civil- kyrko- idrotts- jämställdhets- ungdoms- och konsumentminister,1994-10-07,1996-03-22,marita_ulvskog_minister_1994,
291,Carl Bildt,Statsminister,1991-10-04,1994-10-07,carl_bildt_minister_1991,
292,Gun Hellsvik,Justitieminister,1991-10-04,1994-10-07,gun_hellsvik_minister_1991,
293,Reidunn Laurén,Biträdande justitieminister,1991-10-04,1994-10-07,reidunn_laurén_minister_1991,
294,Margaretha af Ugglas,Utrikesminister,1991-10-04,1994-10-07,margaretha_af_ugglas_minister_1991,
295,Alf Svensson,Biståndsminister,1991-10-04,1994-10-07,alf_svensson_minister_1991,
296,Ulf Dinkelspiel,Europa- och utrikeshandelsminister,1991-10-04,1994-10-07,ulf_dinkelspiel_minister_1991,
297,Anders Björck,Försvarsminister,1991-10-04,1994-10-02,anders_björck_minister_1991,
298,Per Unckel,Försvarsminister,1994-10-03,1994-10-07,per_unckel_minister_1994,
299,Bengt Westerberg,Socialminister och vice statsminister,1991-10-04,1994-10-07,bengt_westerberg_minister_1991,
300,Bengt Westerberg,Jämställdhetsminister,1993-08-24,1994-10-07,bengt_westerberg_minister_1993,
301,Bo Könberg,Sjukvårds- och socialförsäkringsminister,1991-10-04,1994-10-07,bo_könberg_minister_1991,
302,Mats Odell,Kommunikationsminister,1991-10-04,1994-10-07,mats_odell_minister_1991,
303,Anne Wibble,Finansminister,1991-10-04,1994-10-07,anne_wibble_minister_1991,
304,Bo Lundgren,Skatte- och idrottsminister,1991-10-04,1994-10-07,bo_lundgren_minister_1991,
305,Per Unckel,Utbildningsminister,1991-10-04,1994-10-07,per_unckel_minister_1991,
306,Beatrice Ask,Skolminister,1991-10-04,1994-10-07,beatrice_ask_minister_1991,
307,Karl Erik Olsson,Jordbruksminister,1991-10-04,1994-10-07,karl_erik_olsson_minister_1991,
308,Börje Hörnlund,Arbetsmarknadsminister,1991-10-04,1994-10-07,börje_hörnlund_minister_1991,
309,Börje Hörnlund,Minister för nordiskt samarbete,1994-06-16,1994-10-07,börje_hörnlund_minister_1994,
310,Per Westerberg,Industri- och energiminister,1991-10-04,1991-10-21,per_westerberg_minister_1991,
311,Per Westerberg,Närings- och energiminister,1991-10-21,1994-10-07,per_westerberg_minister_1991,
312,Inger Davidson,Civil- konsument- kyrko- och ungdomsminister,1991-10-04,1994-10-07,inger_davidson_minister_1991,
313,Olof Johansson,Miljöminister,1991-10-04,1994-06-16,olof_johansson_minister_1991,
314,Görel Thurdin,Miljöminister,1994-06-16,1994-10-03,görel_thurdin_minister_1994,
315,Karl Erik Olsson,Miljöminister,1994-10-03,1994-10-07,karl_erik_olsson_minister_1994,
316,Görel Thurdin,Planminister,1991-10-04,1994-06-16,görel_thurdin_minister_1991,
317,Olof Johansson,Minister för nordiskt samarbete,1991-10-04,1994-06-16,olof_johansson_minister_1991,
318,Birgit Friggebo,Bostadsminister,1991-10-04,1991-11-30,birgit_friggebo_minister_1991,
319,Birgit Friggebo,Kultur- och invandrarminister,1991-12-01,1994-10-07,birgit_friggebo_minister_1991,
320,Birgit Friggebo,Jämställdhetsminister,1991-12-01,1993-08-24,birgit_friggebo_minister_1991,
321,Hjalmar Branting,Statsminister,1921-10-13,1923-04-19,hjalmar_branting_minister_1921,
322,Assar Åkerman,Justitieminister,1921-10-13,1923-04-19,assar_åkerman_minister_1921,
323,Hjalmar Branting,Utrikesminister,1921-10-13,1923-04-19,hjalmar_branting_minister_1921,
324,Per Albin Hansson,Försvarsminister,1921-10-13,1923-04-19,per_albin_hansson_minister_1921,
325,Herman Lindqvist,Socialminister,1921-10-13,1923-04-19,herman_lindqvist_minister_1921,
326,Anders Örne,Kommunikationsminister,1921-10-13,1923-04-19,anders_örne_minister_1921,
327,Fredrik Vilhelm Thorsson,Finansminister,1921-10-13,1923-04-19,fredrik_vilhelm_thorsson_minister_1921,
328,Olof Olsson,Ecklesiastikminister,1921-10-13,1923-04-19,olof_olsson_minister_1921,
329,Sven Linders,Jordbruksminister,1921-10-13,1923-04-19,sven_linders_minister_1921,
330,Carl Svensson,Handelsminister,1921-10-13,1923-04-19,carl_svensson_minister_1921,
331,Rickard Sandler,Konsultativt statsråd,1921-10-13,1923-04-19,rickard_sandler_minister_1921,
332,Torsten Nothin,Konsultativt statsråd,1921-10-13,1923-04-19,torsten_nothin_minister_1921,
333,Karl Schlyter,Konsultativt statsråd,1921-10-13,1923-04-19,karl_schlyter_minister_1921,
334,Louis De Geer,Statsminister,1920-10-27,1921-02-23,louis_de_geer_minister_1920,
335,Birger Ekeberg,Justitieminister,1920-10-27,1921-02-23,birger_ekeberg_minister_1920,
336,Herman Wrangel,Utrikesminister,1920-10-27,1921-02-23,herman_wrangel_minister_1920,
337,Carl-Gustaf Hammarskjöld,Försvarsminister,1920-10-27,1921-02-23,carl-gustaf_hammarskjöld_minister_1920,
338,Henning Elmquist,Socialminister,1920-10-27,1921-02-23,henning_elmquist_minister_1920,
339,Walter Murray,Kommunikationsminister,1920-10-27,1921-02-23,walter_murray_minister_1920,
340,Henric Tamm,Finansminister,1920-10-27,1921-02-23,henric_tamm_minister_1920,
341,Bengt Bergqvist,Ecklesiastikminister,1920-10-27,1921-02-23,bengt_bergqvist_minister_1920,
342,Nils Hansson,Jordbruksminister,1920-10-27,1921-02-23,nils_hansson_minister_1920,
343,Gösta Malm,Handelsminister,1920-10-27,1921-02-23,gösta_malm_minister_1920,
344,Knut Dahlberg,Konsultativt statsråd,1920-10-27,1921-02-23,knut_dahlberg_minister_1920,
345,Emil Mårten Ericsson,Konsultativt statsråd,1920-10-27,1921-02-23,emil_mårten_ericsson_minister_1920,
346,Ingvar Carlsson,Statsminister,1986-03-12,1990-02-27,ingvar_carlsson_minister_1986,
347,Sten Wickbom,Justitieminister,1986-03-12,1987-10-19,sten_wickbom_minister_1986,
348,Anna-Greta Leijon,Justitieminister,1987-10-19,1988-06-07,anna-greta_leijon_minister_1987,
349,Thage G Peterson,Justitieminister,1988-06-07,1988-09-30,thage_g_peterson_minister_1988,
350,Ingvar Carlsson,Justitieminister,1988-09-30,1988-10-04,ingvar_carlsson_minister_1988,
351,Laila Freivalds,Justitieminister,1988-10-04,1990-02-27,laila_freivalds_minister_1988,
352,Sten Andersson,Utrikesminister,1986-03-12,1990-02-27,sten_andersson_minister_1986,
353,Lena Hjelm-Wallén,Biståndsminister,1986-03-12,1990-02-27,lena_hjelm-wallén_minister_1986,
354,Mats Hellström,Utrikeshandelsminister,1986-03-12,1986-10-10,mats_hellström_minister_1986,
355,Anita Gradin,Utrikeshandelsminister,1986-10-10,1990-02-27,anita_gradin_minister_1986,
356,Roine Carlsson,Försvarsminister,1986-03-12,1990-02-27,roine_carlsson_minister_1986,
357,Gertrud Sigurdsen,Socialminister,1986-03-12,1989-01-29,gertrud_sigurdsen_minister_1986,
358,Sven Hulterström,Socialminister,1989-01-29,1990-01-11,sven_hulterström_minister_1989,
359,Ingela Thalén,Socialminister,1990-01-11,1990-02-27,ingela_thalén_minister_1990,
360,Bengt Lindqvist,Familje- och handikappminister,1986-03-12,1990-02-27,bengt_lindqvist_minister_1986,
361,Kjell-Olof Feldt,Finansminister,1986-03-12,1990-02-16,kjell-olof_feldt_minister_1986,
362,Odd Engström,Finansminister,1990-02-16,1990-02-27,odd_engström_minister_1990,
363,Bengt KÅ Johansson,Löne- och konsumentminister,1986-03-12,1988-10-04,bengt_kå_johansson_minister_1986,
364,Odd Engström,Budgetminister,1988-10-04,1990-02-16,odd_engström_minister_1988,
365,Lennart Bodström,Utbildningsminister,1986-03-12,1989-01-29,lennart_bodström_minister_1986,
366,Bengt Göransson,Utbildningsminister,1989-01-29,1990-02-27,bengt_göransson_minister_1989,
367,Bengt Göransson,Skolmininster,1986-03-12,1989-01-29,bengt_göransson_minister_1986,
368,Göran Persson,Skolmininster,1989-01-29,1990-02-27,göran_persson_minister_1989,
369,Bengt Göransson,Kulturminister,1986-03-12,1990-02-27,bengt_göransson_minister_1986,
370,Svante Lundkvist,Jordbruksminister,1986-03-12,1986-10-10,svante_lundkvist_minister_1986,
371,Mats Hellström,Jordbruksminister,1986-10-10,1990-02-27,mats_hellström_minister_1986,
372,Ulf Lönnqvist,Idrotts- turism- och ungdomsminister,1986-10-10,1988-10-04,ulf_lönnqvist_minister_1986,
373,Svante Lundkvist,Minister för nordiskt samarbete,1986-03-12,1986-10-10,svante_lundkvist_minister_1986,
374,Ulf Lönnqvist,Minister för nordiskt samarbete,1986-10-10,1988-10-04,ulf_lönnqvist_minister_1986,
375,Mats Hellström,Minister för nordiskt samarbete,1988-10-04,1990-02-27,mats_hellström_minister_1988,
376,Birgitta Dahl,Miljö- och energiminister,1986-03-13,1990-02-27,birgitta_dahl_minister_1986,
377,Thage G Peterson,Industriminister,1986-03-12,1988-09-30,thage_g_peterson_minister_1986,
378,Ingvar Carlsson,Industriminister,1988-09-30,1988-10-04,ingvar_carlsson_minister_1988,
379,Ivar Nordberg,Industriminister,1988-10-04,1990-01-11,ivar_nordberg_minister_1988,
380,Rune Molin,Industriminister,1990-01-11,1990-02-27,rune_molin_minister_1990,
381,Hans Gustafsson,Bostadsminister,1986-03-12,1988-10-04,hans_gustafsson_minister_1986,
382,Ulf Lönnqvist,Bostads- och idrottsminister,1988-10-04,1990-02-27,ulf_lönnqvist_minister_1988,
383,Anna-Greta Leijon,Arbetsmarknadsminister,1986-03-12,1987-10-19,anna-greta_leijon_minister_1986,
384,Ingela Thalén,Arbetsmarknadsminister,1987-10-19,1990-01-11,ingela_thalén_minister_1987,
385,Mona Sahlin,Arbetsmarknadsminister,1990-01-11,1990-02-27,mona_sahlin_minister_1990,
386,Anita Gradin,Jämställdhetsminister,1986-03-12,1986-10-10,anita_gradin_minister_1986,
387,Anna-Greta Leijon,Jämställdhetsminister,1986-10-10,1987-10-19,anna-greta_leijon_minister_1986,
388,Ingela Thalén,Jämställdhetsminister,1987-10-19,1989-01-29,ingela_thalén_minister_1987,
389,Maj-Lis Lööw,Jämställdhetsminister,1989-01-29,1990-02-27,maj-lis_lööw_minister_1989,
390,Anita Gradin,Invandrarminister,1986-03-12,1986-10-10,anita_gradin_minister_1986,
391,Georg Andersson,Invandrarminister,1986-10-10,1989-01-29,georg_andersson_minister_1986,
392,Maj-Lis Lööw,Invandrarminister,1989-01-29,1990-02-27,maj-lis_lööw_minister_1989,
393,Sven Hulterström,Kommunikationsminister,1986-03-12,1989-01-29,sven_hulterström_minister_1986,
394,Georg Andersson,Kommunikationsminister,1989-01-29,1990-02-27,georg_andersson_minister_1989,
395,Bo Holmberg,Civilminister,1986-03-12,1988-10-04,bo_holmberg_minister_1986,
396,Bengt KÅ Johansson,Civilminister,1988-10-04,1990-02-27,bengt_kå_johansson_minister_1988,
397,Bo Holmberg,Kyrkominister,1986-03-12,1988-10-04,bo_holmberg_minister_1986,
398,Margot Wallström,Kyrkominister,1988-10-04,1990-02-27,margot_wallström_minister_1988,
399,Margot Wallström,Konsument- och ungdomsminister,1988-10-04,1990-02-27,margot_wallström_minister_1988,
400,Tage Erlander,Statsminister,1957-10-31,1969-10-14,tage_erlander_minister_1957,
401,Ingvar Lindell,Justitieminister,1957-10-31,1959-12-01,ingvar_lindell_minister_1957,
402,Herman Kling,Justitieminister,1959-12-01,1969-10-14,herman_kling_minister_1959,
403,Östen Undén,Utrikesminister,1957-10-31,1962-09-20,östen_undén_minister_1957,
404,Torsten Nilsson,Utrikesminister,1962-09-20,1969-10-14,torsten_nilsson_minister_1962,
405,Sven Andersson,Försvarsminister,1957-10-31,1969-10-14,sven_andersson_minister_1957,
406,Torsten Nilsson,Socialminister,1957-10-31,1962-09-20,torsten_nilsson_minister_1957,
407,Sven Aspling,Socialminister,1962-09-20,1969-10-14,sven_aspling_minister_1962,
408,Gösta Skoglund,Kommunikationsminister,1957-10-31,1965-11-25,gösta_skoglund_minister_1957,
409,Olof Palme,Kommunikationsminister,1965-11-25,1967-09-29,olof_palme_minister_1965,
410,Svante Lundkvist,Kommunikationsminister,1967-09-29,1969-07-01,svante_lundkvist_minister_1967,
411,Bengt Norling,Kommunikationsminister,1969-07-01,1969-10-14,bengt_norling_minister_1969,
412,Gunnar Sträng,Finansminister,1957-10-31,1969-10-14,gunnar_sträng_minister_1957,
413,Ragnar Edenman,Ecklesiastikminister,1957-10-31,1967-09-29,ragnar_edenman_minister_1957,
414,Olof Palme,Utbildningsminister,1967-09-29,1969-10-14,olof_palme_minister_1967,
415,Gösta Netzén,Jordbruksminister,1957-10-31,1961-11-25,gösta_netzén_minister_1957,
416,Eric Holmqvist,Jordbruksminister,1961-11-25,1969-01-25,eric_holmqvist_minister_1961,
417,Ingemund Bengtsson,Jordbruksminister,1969-01-25,1969-10-14,ingemund_bengtsson_minister_1969,
418,Gunnar Lange,Handelsminister,1957-10-31,1969-10-14,gunnar_lange_minister_1957,
419,Rune B Johansson,Inrikesminister,1957-10-31,1969-01-25,rune_b_johansson_minister_1957,
420,Eric Holmqvist,Inrikesminister,1969-01-25,1969-10-14,eric_holmqvist_minister_1969,
421,Sigurd Lindholm,Civilminister,1957-10-31,1965-09-16,sigurd_lindholm_minister_1957,
422,Hans Gustafsson,Civilminister,1965-09-16,1969-07-01,hans_gustafsson_minister_1965,
423,Svante Lundkvist,Civilminister,1969-07-01,1969-10-14,svante_lundkvist_minister_1969,
424,Krister Wickman,Industriminister,1969-01-01,1969-10-14,krister_wickman_minister_1969,
425,Herman Kling,Juristkonsult,1957-10-31,1959-12-01,herman_kling_minister_1957,
426,Carl Henrik Nordlander,Juristkonsult,1959-12-01,1960-10-25,carl_henrik_nordlander_minister_1959,
427,Rune Hermansson,Juristkonsult,1960-10-25,1966-12-09,rune_hermansson_minister_1960,
428,Lennart Geijer,Juristkonsult,1966-12-09,1969-10-14,lennart_geijer_minister_1966,
429,Björn Kjellin,Juristkonsult,1957-10-31,1958-08-29,björn_kjellin_minister_1957,
430,Sven af Geijerstam,Juristkonsult och kyrko- och ungdomsminister,1958-08-29,1963-04-19,sven_af_geijerstam_minister_1958,
431,Olof Palme,Ungdomsminister,1963-04-19,1965-11-25,olof_palme_minister_1963,
432,Sven-Eric Nilsson,Juristkonsult,1964-04-29,1969-10-14,sven-eric_nilsson_minister_1964,
433,Ulla Lindström,Konsument- och biståndsminister,1957-10-31,1966-12-28,ulla_lindström_minister_1957,
434,Svante Lundkvist,Kommun- och landstingsminister,1965-11-25,1967-09-29,svante_lundkvist_minister_1965,
435,Alva Myrdal,Nedrustningsminister,1966-12-28,1969-10-14,alva_myrdal_minister_1966,
436,Camilla Odhnoff,Familje- och invandrarminister,1967-01-09,1969-10-14,camilla_odhnoff_minister_1967,
437,Krister Wickman,Bitr finansminister,1967-02-28,1968-12-31,krister_wickman_minister_1967,
438,Sven Moberg,Undervisningsminister,1967-09-29,1969-10-14,sven_moberg_minister_1967,
439,Bertil Löfberg,Löneminister,1969-01-25,1969-10-14,bertil_löfberg_minister_1969,
440,Rickard Sandler,Statsminister,1925-01-24,1926-06-07,rickard_sandler_minister_1925,
441,Östen Undén,Utrikesminister,1925-01-24,1926-06-07,östen_undén_minister_1925,
442,Torsten Nothin,Justitieminister,1925-01-24,1926-06-07,torsten_nothin_minister_1925,
443,Per Albin Hansson,Försvarsminister,1925-01-24,1926-06-07,per_albin_hansson_minister_1925,
444,Gustav Möller,Socialminister,1925-01-24,1926-06-07,gustav_möller_minister_1925,
445,Viktor Larsson,Kommunikationsminister,1925-01-24,1926-06-07,viktor_larsson_minister_1925,
446,Fredrik Vilhelm Thorsson,Finansminister,1925-01-24,1925-05-05,fredrik_vilhelm_thorsson_minister_1925,
447,Ernst Wigforss,Finansminister,1925-05-08,1926-06-07,ernst_wigforss_minister_1925,
448,Olof Olsson,Ecklesiastikminister,1925-01-24,1926-06-07,olof_olsson_minister_1925,
449,Sven Linders,Jordbruksminister,1925-01-24,1926-06-07,sven_linders_minister_1925,
450,Rickard Sandler,Handelsminister,1925-01-24,1925-02-27,rickard_sandler_minister_1925,
451,Carl Svensson,Handelsminister,1925-02-27,1926-06-07,carl_svensson_minister_1925,
452,Karl Levinson,Konsultativt statsråd,1925-01-24,1926-06-07,karl_levinson_minister_1925,
453,Ernst Wigforss,Konsultativt statsråd,1925-01-24,1925-05-08,ernst_wigforss_minister_1925,
454,Karl Schlyter,Konsultativt statsråd,1925-05-08,1926-06-07,karl_schlyter_minister_1925,
455,Ingvar Carlsson,Statsminister,1990-02-27,1991-10-04,ingvar_carlsson_minister_1990,
456,Odd Engström,Vice statsminister,1990-02-27,1991-10-04,odd_engström_minister_1990,
457,Laila Freivalds,Justitieminister,1990-02-27,1991-10-04,laila_freivalds_minister_1990,
458,Sten Andersson,Utrikesminister,1990-02-27,1991-10-04,sten_andersson_minister_1990,
459,Lena Hjelm-Wallén,Biståndsminister,1990-02-27,1991-10-04,lena_hjelm-wallén_minister_1990,
460,Anita Gradin,Utrikeshandelsminister,1990-02-27,1991-10-04,anita_gradin_minister_1990,
461,Roine Carlsson,Försvarsminister,1990-02-27,1991-10-04,roine_carlsson_minister_1990,
462,Ingela Thalén,Socialminister,1990-02-27,1991-10-04,ingela_thalén_minister_1990,
463,Bengt Lindqvist,Familje- och handikappminister,1990-02-27,1991-10-04,bengt_lindqvist_minister_1990,
464,Allan Larsson,Finansminister,1990-02-27,1991-10-04,allan_larsson_minister_1990,
465,Erik Åsbrink,Budgetminister,1990-02-27,1991-10-04,erik_åsbrink_minister_1990,
466,Bengt Göransson,Kultur- och utbildningsminister,1990-02-27,1991-10-04,bengt_göransson_minister_1990,
467,Göran Persson,Skolminister,1990-02-27,1991-10-04,göran_persson_minister_1990,
468,Mats Hellström,Jordbruksminister och minister för nordiskt samarbete,1990-02-27,1991-10-04,mats_hellström_minister_1990,
469,Birgitta Dahl,Miljöminister,1990-02-27,1991-10-04,birgitta_dahl_minister_1990,
470,Rune Molin,Industriminister,1990-10-27,1991-10-04,rune_molin_minister_1990,
471,Rune Molin,Energiminister,1990-02-27,1991-10-04,rune_molin_minister_1990,
472,Ulf Lönnqvist,Bostads- och idrottsminister,1990-02-27,1991-10-04,ulf_lönnqvist_minister_1990,
473,Mona Sahlin,Arbetsmarknadsminister,1990-02-27,1991-10-04,mona_sahlin_minister_1990,
474,Maj-Lis Lööw,Invandrar- och jämställdhetsminister,1990-02-27,1991-10-04,maj-lis_lööw_minister_1990,
475,Georg Andersson,Kommunikationsminister,1990-02-27,1991-10-04,georg_andersson_minister_1990,
476,Bengt K Å Johansson,Civilminister,1990-02-27,1991-10-04,bengt_k_å_johansson_minister_1990,
477,Margot Wallström,Konsument- kyrko- och ungdomsminister,1990-02-27,1991-10-04,margot_wallström_minister_1990,
478,Per Albin Hansson,Statsminister,1932-09-24,1936-06-19,per_albin_hansson_minister_1932,
479,Ernst Wigforss,Finansminister,1932-09-24,1936-06-19,ernst_wigforss_minister_1932,
480,Rickard Sandler,Utrikesminister,1932-09-24,1936-06-19,rickard_sandler_minister_1932,
481,Karl Schlyter,Justitieminister,1932-09-24,1936-06-19,karl_schlyter_minister_1932,
482,Ivar Vennerström,Försvarsminister,1932-09-24,1936-06-19,ivar_vennerström_minister_1932,
483,Gustav Möller,Socialminister,1932-09-24,1936-06-19,gustav_möller_minister_1932,
484,Henning Leo,Kommunikationsminister,1932-09-24,1936-06-19,henning_leo_minister_1932,
485,Arthur Engberg,Ecklesiastikminister,1932-09-24,1936-06-19,arthur_engberg_minister_1932,
486,Per Edvin Sköld,Jordbruksminister,1932-09-24,1936-06-19,per_edvin_sköld_minister_1932,
487,Fritjof Ekman,Handelsminister,1932-09-24,1936-06-19,fritjof_ekman_minister_1932,
488,Östen Undén,Konsultativt statsråd,1932-09-24,1936-06-19,östen_undén_minister_1932,
489,Torsten Nothin,Konsultativt statsråd,1932-09-24,1933-09-16,torsten_nothin_minister_1932,
490,Karl Levinson,Konsultativt statsråd,1933-09-16,1936-06-19,karl_levinson_minister_1933,
491,Hjalmar Branting,Statsminister,1920-03-10,1920-10-27,hjalmar_branting_minister_1920,
492,Östen Undén,Justitieminister,1920-03-10,1920-06-30,östen_undén_minister_1920,
493,Assar Åkerman,Justitieminister,1920-06-30,1920-10-27,assar_åkerman_minister_1920,
494,Erik Palmstierna,Utrikesminister,1920-03-10,1920-10-27,erik_palmstierna_minister_1920,
495,Per Albin Hansson,Krigsminister,1920-03-10,1920-07-01,per_albin_hansson_minister_1920,
496,Bernhard Eriksson,Sjöminister,1920-03-10,1920-07-01,bernhard_eriksson_minister_1920,
497,Per Albin Hansson,Försvarsminister,1920-07-01,1920-10-27,per_albin_hansson_minister_1920,
498,Bernhard Eriksson,Socialminister,1920-07-01,1920-10-27,bernhard_eriksson_minister_1920,
499,Carl Svensson,Kommunikationsminister,1920-07-01,1920-10-27,carl_svensson_minister_1920,
500,Fredrik Vilhelm Thorsson,Finansminister,1918-01-05,1920-06-30,fredrik_vilhelm_thorsson_minister_1918,
501,Rickard Sandler,Finansminister,1920-06-30,1920-10-27,rickard_sandler_minister_1920,
502,Olof Olsson,Ecklesiastikminister,1919-11-28,1920-10-27,olof_olsson_minister_1919,
503,Olof Nilsson,Jordbruksminister,1920-03-10,1920-10-27,olof_nilsson_minister_1920,
504,Fredrik Vilhelm Thorsson,Handelsminister,1920-06-30,1920-10-27,fredrik_vilhelm_thorsson_minister_1920,
505,Carl Svensson,Civilminister,1920-03-10,1920-07-01,carl_svensson_minister_1920,
506,Rickard Sandler,Konsultativa statsråd,1920-03-10,1920-06-30,rickard_sandler_minister_1920,
507,William Linder,Konsultativa statsråd,1920-06-30,1920-10-27,william_linder_minister_1920,
508,Torsten Nothin,Konsultativa statsråd,1920-03-10,1920-10-27,torsten_nothin_minister_1920,
509,Ernst Trygger,Statsminister,1923-04-19,1924-10-18,ernst_trygger_minister_1923,
510,Birger Ekeberg,Justitieminister,1923-04-19,1924-10-18,birger_ekeberg_minister_1923,
511,Carl Hederstierna,Utrikesminister,1923-04-19,1923-11-11,carl_hederstierna_minister_1923,
512,Erik Marks von Würtemberg,Utrikesminister,1923-11-11,1924-10-18,erik_marks_von_würtemberg_minister_1923,
513,Carl Malmroth,Försvarsminister,1923-04-19,1924-10-18,carl_malmroth_minister_1923,
514,Gösta Malm,Socialminister,1923-04-19,1924-10-18,gösta_malm_minister_1923,
515,Sven Lübeck,Kommunikationsminister,1923-04-19,1924-10-18,sven_lübeck_minister_1923,
516,Jacob Beskow,Finansminister,1923-04-19,1924-10-18,jacob_beskow_minister_1923,
517,Sam Clason,Ecklesiastikminister,1923-04-19,1924-10-18,sam_clason_minister_1923,
518,David Pettersson,Jordbruksminister,1923-04-19,1924-10-18,david_pettersson_minister_1923,
519,Nils Wohlin,Handelsminister,1923-04-19,1924-10-18,nils_wohlin_minister_1923,
520,Bror Hasselrot,Konsultativt statsråd,1923-04-19,1924-10-18,bror_hasselrot_minister_1923,
521,Erik Stridsberg,Konsultativt statsråd,1923-04-19,1924-10-18,erik_stridsberg_minister_1923,
522,Tage Erlander,Statsminister,1951-10-01,1957-10-31,tage_erlander_minister_1951,
523,Östen Undén,Utrikesminister,1951-10-01,1957-10-31,östen_undén_minister_1951,
524,Herman Zetterberg,Justitieminister,1951-10-01,1957-09-20,herman_zetterberg_minister_1951,
525,Ingvar Lindell,Justitieminister,1957-09-20,1957-10-31,ingvar_lindell_minister_1957,
526,Per Edvin Sköld,Finansminister,1951-10-01,1955-09-12,per_edvin_sköld_minister_1951,
527,Gunnar Sträng,Finansminister,1955-09-12,1957-10-31,gunnar_sträng_minister_1955,
528,Torsten Nilsson,Försvarsminister,1951-10-01,1957-03-22,torsten_nilsson_minister_1951,
529,Sven Andersson,Försvarsminister,1957-03-22,1957-10-31,sven_andersson_minister_1957,
530,Gunnar Sträng,Socialminister,1951-10-01,1955-09-12,gunnar_sträng_minister_1951,
531,John Ericsson,Socialminister,1955-09-12,1957-03-22,john_ericsson_minister_1955, i Kinna
532,Torsten Nilsson,Socialminister,1957-03-22,1957-10-31,torsten_nilsson_minister_1957,
533,Sven Andersson,Kommunikationsminister,1951-10-01,1957-03-22,sven_andersson_minister_1951,
534,Sture Henriksson,Kommunikationsminister,1957-03-22,1957-04-22,sture_henriksson_minister_1957,
535,Gösta Skoglund,Kommunikationsminister,1957-04-26,1957-10-31,gösta_skoglund_minister_1957,
536,Ivar Persson,Ecklesiastikminister,1951-10-01,1957-10-31,ivar_persson_minister_1951, i Skabersjö
537,Sam Norup,Jordbruksminister,1951-10-01,1957-02-01,sam_norup_minister_1951,
538,Bernhard Näsgård,Jordbruksminister,1957-02-01,1957-07-08,bernhard_näsgård_minister_1957,
539,Nils G Hansson,Jordbruksminister,1957-07-29,1957-10-31,nils_g_hansson_minister_1957,
540,John Ericsson,Handelsminister,1951-10-01,1955-09-12,john_ericsson_minister_1951, i Kinna
541,Gunnar Lange,Handelsminister,1955-09-12,1957-10-31,gunnar_lange_minister_1955,
542,Gunnar Hedlund,Inrikesminister,1951-10-01,1957-10-31,gunnar_hedlund_minister_1951,
543,John Lingman,Civilminister,1951-10-01,1954-11-29,john_lingman_minister_1951,
544,Gunnar Lange,Civilminister,1954-11-29,1955-09-12,gunnar_lange_minister_1954,
545,Sigurd Lindholm,Civilminister,1955-09-12,1957-10-31,sigurd_lindholm_minister_1955,
546,Nils Quensel,Juristkonsult,1951-10-01,1951-10-31,nils_quensel_minister_1951,
547,Ingvar Lindell,Juristkonsult,1951-11-01,1957-09-20,ingvar_lindell_minister_1951,
548,Ragnar Edenman,Juristkonsult,1957-10-01,1957-10-31,ragnar_edenman_minister_1957,
549,Gunnar Danielson,Juristkonsult,1951-10-01,1952-03-31,gunnar_danielson_minister_1951,
550,Allan Nordenstam,Juristkonsult,1952-04-01,1957-02-01,allan_nordenstam_minister_1952,
551,Herman Kling,Juristkonsult,1957-02-01,1957-10-31,herman_kling_minister_1957,
552,Dag Hammarskjöld,Utrikeshandelsminister,1951-10-01,1953-04-08,dag_hammarskjöld_minister_1951,
553,Ulla Lindström,Konsument- och biståndsminister,1954-06-04,1957-10-31,ulla_lindström_minister_1954,
554,Hjalmar Nilson,Vägminister,1951-10-01,1957-02-01,hjalmar_nilson_minister_1951,
555,Lars Eliasson,Vägminister,1957-02-01,1957-10-31,lars_eliasson_minister_1957,
556,Hjalmar Branting,Statsminister,1924-10-14,1925-01-24,hjalmar_branting_minister_1924,
557,Östen Undén,Utrikesminister,1924-10-14,1925-01-24,östen_undén_minister_1924,
558,Torsten Nothin,Justitieminister,1924-10-14,1925-01-24,torsten_nothin_minister_1924,
559,Per Albin Hansson,Försvarsminister,1924-10-14,1925-01-24,per_albin_hansson_minister_1924,
560,Gustav Möller,Socialminister,1924-10-14,1925-01-24,gustav_möller_minister_1924,
561,Viktor Larsson,Kommunikationsminister,1924-10-14,1925-01-24,viktor_larsson_minister_1924,
562,Fredrik Vilhelm Thorsson,Finansminister,1924-10-14,1925-01-24,fredrik_vilhelm_thorsson_minister_1924,
563,Olof Olsson,Ecklesiastikminister,1924-10-14,1925-01-24,olof_olsson_minister_1924,
564,Sven Linders,Jordbruksminister,1924-10-14,1925-01-24,sven_linders_minister_1924,
565,Rickard Sandler,Handelsminister,1924-10-14,1925-01-24,rickard_sandler_minister_1924,
566,Ernst Wigforss,Konsultativt statsråd,1924-10-14,1925-01-24,ernst_wigforss_minister_1924,
567,Karl Levinson,Konsultativt statsråd,1924-10-14,1925-01-24,karl_levinson_minister_1924,
568,Nils Edén,Statsminister,1917-10-19,1920-03-10,nils_edén_minister_1917,
569,Eliel Löfgren,Justitieminister,1917-10-19,1920-03-10,eliel_löfgren_minister_1917,
570,Johannes Hellner,Utrikesminister,1917-10-19,1920-03-10,johannes_hellner_minister_1917,
571,Erik Nilson,Krigsminister,1917-10-19,1920-03-10,erik_nilson_minister_1917,
572,Erik Palmstierna,Sjöminister,1917-10-19,1920-03-10,erik_palmstierna_minister_1917,
573,Hjalmar Branting,Finansminister,1917-10-19,1918-01-05,hjalmar_branting_minister_1917,
574,Fredrik Vilhelm Thorsson,Finansminister,1918-01-05,1920-06-30,fredrik_vilhelm_thorsson_minister_1918,
575,Värner Rydén,Ecklesiastikminister,1917-10-19,1919-11-28,värner_rydén_minister_1917,
576,Olof Olsson,Ecklesiastikminister,1919-11-28,1920-10-27,olof_olsson_minister_1919,
577,Alfred Petersson,Jordbruksminister,1917-10-19,1920-03-10,alfred_petersson_minister_1917,
578,Axel Schotte,Civilminister,1917-10-19,1919-11-28,axel_schotte_minister_1917,
579,Fredrik Holmquist,Civilminister,1919-11-28,1920-03-10,fredrik_holmquist_minister_1919,
580,Bror Petrén,Konsultativa statsråd,1917-10-19,1920-03-10,bror_petrén_minister_1917,
581,Östen Undén,Konsultativa statsråd,1917-10-19,1920-03-10,östen_undén_minister_1917,
582,Olof Palme,Statsminister,1982-01-01,1986-01-01,olof_palme_minister_1982,
583,Ingvar Carlsson,Vice statsminister,1982-01-01,1986-01-01,ingvar_carlsson_minister_1982,
584,Ingvar Carlsson,Miljöminister,1985-01-01,1986-01-01,ingvar_carlsson_minister_1985,
585,Ove Rainer,Justitieminister,1982-01-01,1983-01-01,ove_rainer_minister_1982,
586,Sten Wickbom,Justitieminister,1983-01-01,1986-01-01,sten_wickbom_minister_1983,
587,Lennart Bodström,Utrikesminister,1982-01-01,1985-01-01,lennart_bodström_minister_1982,
588,Sten Andersson,Utrikesminister,1985-01-01,1986-01-01,sten_andersson_minister_1985,
589,Lennart Bodström,Biståndsminister,1982-01-01,1985-01-01,lennart_bodström_minister_1982,
590,Lena Hjelm-Wallén,Biståndsminister,1985-01-01,1986-01-01,lena_hjelm-wallén_minister_1985,
591,Mats Hellström,Utrikeshandelsminister,1983-01-01,1986-01-01,mats_hellström_minister_1983,
592,Börje Andersson,Försvarsminister,1982-01-01,1982-01-01,börje_andersson_minister_1982,
593,Curt Boström,Försvarsminister,1982-01-01,1983-01-01,curt_boström_minister_1982,
594,Anders Thunborg,Försvarsminister,1983-01-01,1985-01-01,anders_thunborg_minister_1983,
595,Roine Carlsson,Försvarsminister,1985-01-01,1986-01-01,roine_carlsson_minister_1985,
596,Sten Andersson,Socialminister,1982-01-01,1985-01-01,sten_andersson_minister_1982,
597,Gertrud Sigurdsen,Socialminister,1985-01-01,1986-01-01,gertrud_sigurdsen_minister_1985,
598,Gertrud Sigurdsen,Hälsovårdsminister,1982-01-01,1985-01-01,gertrud_sigurdsen_minister_1982,
599,Bengt Lindqvist,Familje- och handikappminister,1985-01-01,1986-01-01,bengt_lindqvist_minister_1985,
600,Kjell-Olof Feldt,Ekonomi- och budgetminister,1982-01-01,1982-01-01,kjell-olof_feldt_minister_1982,
601,Kjell-Olof Feldt,Finansminister,1983-01-01,1986-01-01,kjell-olof_feldt_minister_1983,
602,Bengt KÅ Johansson,Löne- och konsumentminister,1985-01-01,1986-01-01,bengt_kå_johansson_minister_1985,
603,Lena Hjelm-Wallén,Utbildningsminister,1982-01-01,1985-01-01,lena_hjelm-wallén_minister_1982,
604,Lennart Bodström,Utbildningsminister,1985-01-01,1986-01-01,lennart_bodström_minister_1985,
605,Bengt Göransson,Skol- och kulturminister,1982-01-01,1986-01-01,bengt_göransson_minister_1982,
606,Svante Lundkvist,Jordbruksminister och  minister för nordiskt samarbete,1982-01-01,1986-01-01,svante_lundkvist_minister_1982,
607,Thage G Peterson,Industriminister,1982-01-01,1986-01-01,thage_g_peterson_minister_1982,
608,Roine Carlsson,Biträdande industriminister,1982-01-01,1985-01-01,roine_carlsson_minister_1982,
609,Birgitta Dahl,Energiminister,1982-01-01,1986-01-01,birgitta_dahl_minister_1982,
610,Hans Gustafsson,Bostadsminister,1982-01-01,1986-01-01,hans_gustafsson_minister_1982,
611,Anna-Greta Leijon,Arbetsmarknadsminister,1982-01-01,1986-01-01,anna-greta_leijon_minister_1982,
612,Anita Gradin,Invandrar- och jämställdhetsminister,1982-01-01,1986-01-01,anita_gradin_minister_1982,
613,Curt Boström,Kommunikationsminister,1982-01-01,1985-01-01,curt_boström_minister_1982,
614,Sven Hulterström,Kommunikationsminister,1985-01-01,1986-01-01,sven_hulterström_minister_1985,
615,Bo Holmberg,Kommun- och kyrkominister,1982-01-01,1982-01-01,bo_holmberg_minister_1982,
616,Bo Holmberg,Civil- och kyrkominister,1983-01-01,1986-01-01,bo_holmberg_minister_1983,
617,Lennart Bodström,Handelsminister,1982-01-01,1982-01-01,lennart_bodström_minister_1982,
618,Felix Hamrin,Statsminister,1932-08-06,1932-09-24,felix_hamrin_minister_1932,
619,Fredrik Ramel,Utrikesminister,1932-08-06,1932-09-24,fredrik_ramel_minister_1932,
620,Natanael Gärde,Justitieminister,1932-08-06,1932-09-24,natanael_gärde_minister_1932,
621,Anton Rundqvist,Försvarsminister,1932-08-06,1932-09-24,anton_rundqvist_minister_1932,
622,Sam Larsson,Socialminister,1932-08-06,1932-09-24,sam_larsson_minister_1932,
623,Ola Jeppsson,Kommunikationsminister,1932-08-06,1932-09-24,ola_jeppsson_minister_1932,
624,Felix Hamrin,Finansminister,1932-08-06,1932-09-24,felix_hamrin_minister_1932,
625,Sam Stadener,Ecklesiastikminister,1932-08-06,1932-09-24,sam_stadener_minister_1932,
626,Bo von Stockenström,Jordbruksminister,1932-08-06,1932-09-24,bo_von_stockenström_minister_1932,
627,David Hansén,Handelsminister,1932-08-06,1932-09-24,david_hansén_minister_1932,
628,Ragnar Gyllenswärd,Konsultativt statsråd,1932-08-06,1932-09-24,ragnar_gyllenswärd_minister_1932,
629,Åke Holmbäck,Konsultativt statsråd,1932-08-06,1932-09-24,åke_holmbäck_minister_1932,
630,Torsten Petersson,Konsultativt statsråd,1932-08-06,1932-09-24,torsten_petersson_minister_1932,
631,Axel Pehrsson-Bramstorp,Statsminister,1936-06-19,1936-09-28,axel_pehrsson-bramstorp_minister_1936,
632,Karl Gustaf Westman,Utrikesminister,1936-06-19,1936-09-28,karl_gustaf_westman_minister_1936,
633,Thorwald Bergquist,Justitieminister,1936-06-19,1936-09-28,thorwald_bergquist_minister_1936,
634,Janne Nilsson,Försvarsminister,1936-06-19,1936-09-28,janne_nilsson_minister_1936,
635,Gerhard Strindlund,Socialminister,1936-06-19,1936-09-28,gerhard_strindlund_minister_1936,
636,Arthur Heiding,Kommunikationsminister,1936-06-19,1936-09-28,arthur_heiding_minister_1936,
637,Vilmar Ljungdahl,Finansminister,1936-06-19,1936-09-28,vilmar_ljungdahl_minister_1936,
638,Tor Andræ,Ecklesiastikminister,1936-06-19,1936-09-28,tor_andræ_minister_1936,
639,Axel Pehrsson-Bramstorp,Jordbruksminister,1936-06-19,1936-09-28,axel_pehrsson-bramstorp_minister_1936,
640,Elof Ericsson,Handelsminister,1936-06-19,1936-09-28,elof_ericsson_minister_1936,
641,Nils Quensel,Konsultativt statsråd,1936-06-19,1936-09-28,nils_quensel_minister_1936,
642,Sture Centerwall,Konsultativt statsråd,1936-06-19,1936-09-28,sture_centerwall_minister_1936,
643,Tage Gynnerstedt,Konsultativt statsråd,1936-06-19,1936-09-28,tage_gynnerstedt_minister_1936,
644,Per Albin Hansson,Statsminister,1936-09-28,1939-12-13,per_albin_hansson_minister_1936,
645,Ernst Wigforss,Finansminister,1936-09-28,1939-12-13,ernst_wigforss_minister_1936,
646,Rickard Sandler,Utrikesminister,1936-09-28,1939-12-13,rickard_sandler_minister_1936,
647,Karl Gustaf Westman,Justitieminister,1936-09-28,1939-12-13,karl_gustaf_westman_minister_1936,
648,Janne Nilsson,Försvarsminister,1936-09-28,1938-12-09,janne_nilsson_minister_1936,
649,Per Edvin Sköld,Försvarsminister,1938-12-16,1939-12-13,per_edvin_sköld_minister_1938,
650,Gustav Möller,Socialminister,1936-09-28,1938-12-16,gustav_möller_minister_1936,
651,Albert Forslund,Socialminister,1938-12-16,1939-12-13,albert_forslund_minister_1938,
652,Albert Forslund,Kommunikationsminister,1936-09-28,1938-12-16,albert_forslund_minister_1936,
653,Gerhard Strindlund,Kommunikationsminister,1938-12-16,1939-12-13,gerhard_strindlund_minister_1938,
654,Arthur Engberg,Ecklesiastikminister,1936-09-28,1939-12-13,arthur_engberg_minister_1936,
655,Axel Pehrsson-Bramstorp,Jordbruksminister,1936-09-28,1939-12-13,axel_pehrsson-bramstorp_minister_1936,
656,Per Edvin Sköld,Handelsminister,1936-09-28,1938-12-16,per_edvin_sköld_minister_1936,
657,Gustav Möller,Handelsminister,1938-12-16,1939-12-13,gustav_möller_minister_1938,
658,Herman Eriksson,Folkhushållningsminister,1939-10-15,1939-12-13,herman_eriksson_minister_1939,
659,Nils Quensel,Juristkonsult,1936-09-28,1939-12-13,nils_quensel_minister_1936,
660,Karl Levinson,Juristkonsult,1936-09-28,1938-08-31,karl_levinson_minister_1936,
661,Herman Eriksson,Juristkonsult,1938-08-31,1939-10-14,herman_eriksson_minister_1938,
662,Gunnar Hägglöf,Juristkonsult,1939-10-14,1939-12-13,gunnar_hägglöf_minister_1939,
663,Thorbjörn Fälldin,Statsminister,1981-05-22,1982-10-08,thorbjörn_fälldin_minister_1981,
664,Carl Axel Petri,Justitieminister,1981-05-22,1982-10-08,carl_axel_petri_minister_1981,
665,Ola Ullsten,Utrikes- och biståndsminister samt vice statsminister,1981-05-22,1982-10-08,ola_ullsten_minister_1981,
666,Torsten Gustafsson,Försvarsminister,1981-05-22,1982-10-08,torsten_gustafsson_minister_1981,
667,Karin Söder,Socialminister,1981-05-22,1982-10-08,karin_söder_minister_1981,
668,Karin Ahrland,Sjukvårdsminister,1981-05-22,1982-10-08,karin_ahrland_minister_1981,
669,Claes Elmstedt,Kommunikationsminister,1981-05-22,1982-10-08,claes_elmstedt_minister_1981,
670,Rolf Wirtén,Budgetminister,1981-05-22,1982-10-08,rolf_wirtén_minister_1981,
671,Olof Johansson,Personal- och löneminister,1981-05-22,1982-10-08,olof_johansson_minister_1981,
672,Rolf Wirtén,Ekonomiminister,1981-05-22,1982-10-08,rolf_wirtén_minister_1981,
673,Jan-Erik Wikström,Utbildningsminister,1981-05-22,1982-10-08,jan-erik_wikström_minister_1981,
674,Ulla Tillander,Skol- och ungdomsminister,1981-05-22,1982-10-08,ulla_tillander_minister_1981,
675,Anders Dahlgren,Jordbruksminister,1981-05-22,1982-10-04,anders_dahlgren_minister_1981,
676,Claes Elmstedt,Jordbruksminister,1982-10-04,1982-10-08,claes_elmstedt_minister_1982,
677,Björn Molin,Handelsminister och  minister för nordiskt samarbete,1981-05-22,1982-10-08,björn_molin_minister_1981,
678,Ingemar Eliasson,Arbetsmarknads- och energiminister,1981-05-22,1982-10-08,ingemar_eliasson_minister_1981,
679,Karin Andersson,Invandrar- och jämställdhetsminister,1981-05-22,1982-10-08,karin_andersson_minister_1981,
680,Birgit Friggebo,Bostadsminister,1981-05-22,1982-10-08,birgit_friggebo_minister_1981,
681,Nils G Åsling,Industriminister,1981-05-22,1982-10-08,nils_g_åsling_minister_1981,
682,Karl Boo,Kommun- och kyrkominister,1981-05-22,1982-10-08,karl_boo_minister_1981,
683,Fredrik Reinfeldt,Statsminister,2006-10-06,2014-10-03,fredrik_reinfeldt_minister_2006,
684,Cecilia Malmström,EU-minister,2006-10-06,2010-01-22,cecilia_malmström_minister_2006,
685,Birgitta Ohlsson,EU-minister,2010-02-02,2014-10-03,birgitta_ohlsson_minister_2010,
686,Birgitta Ohlsson,Demokrati- och konsumentminister,2010-10-05,2014-10-03,birgitta_ohlsson_minister_2010,
687,Beatrice Ask,Justitieminister,2006-10-06,2014-10-03,beatrice_ask_minister_2006,
688,Tobias Billström,Migrationsminister,2006-10-06,2014-09-28,tobias_billström_minister_2006,
689,Carl Bildt,Utrikesminister,2006-10-06,2014-10-03,carl_bildt_minister_2006,
690,Gunilla Carlsson,Biståndsminister,2006-10-06,2013-09-17,gunilla_carlsson_minister_2006,
691,Hillevi Engström,Biståndsminister,2013-09-17,2014-10-03,hillevi_engström_minister_2013,
692,Maria Borelius,Handelsminister,2006-10-06,2006-10-14,maria_borelius_minister_2006,
693,Sten Tolgfors,Handelsminister,2006-10-24,2007-09-05,sten_tolgfors_minister_2006,
694,Ewa Björling,Handelsminister,2007-09-12,2014-10-03,ewa_björling_minister_2007,
695,Ewa Björling,Minister för nordiskt samarbete,2010-10-05,2014-10-03,ewa_björling_minister_2010,
696,Mikael Odenberg,Försvarsminister,2006-10-06,2007-09-05,mikael_odenberg_minister_2006,
697,Sten Tolgfors,Försvarsminister,2007-09-05,2012-03-29,sten_tolgfors_minister_2007,
698,Karin Enström,Försvarsminister,2012-04-18,2014-10-03,karin_enström_minister_2012,
699,Göran Hägglund,Socialminister,2006-10-06,2014-10-03,göran_hägglund_minister_2006,
700,Maria Larsson,Äldre- och folkhälsominister,2006-10-06,2010-10-05,maria_larsson_minister_2006,
701,Maria Larsson,Barn- och äldreminister,2010-10-05,2014-10-03,maria_larsson_minister_2010,
702,Stefan Attefall,Civil- samfunds-  och bostadsminister,2010-10-05,2014-10-03,stefan_attefall_minister_2010,
703,Cristina Husmark Pehrsson,Socialförsäkringsminister och minister för nordiskt samarbete,2006-10-06,2010-10-05,cristina_husmark_pehrsson_minister_2006,
704,Ulf Kristersson,Socialförsäkringsminister,2010-10-05,2014-10-03,ulf_kristersson_minister_2010,
705,Anders Borg,Finansminister,2006-10-06,2014-10-03,anders_borg_minister_2006,
706,Mats Odell,Kommun- bostads-  och finansmarknadsminister,2006-10-06,2010-10-05,mats_odell_minister_2006,
707,Peter Norman,Finansmarknadsminister,2010-10-05,2014-10-03,peter_norman_minister_2010,
708,Lars Leijonborg,Utbildningsminister,2006-10-06,2007-09-12,lars_leijonborg_minister_2006,
709,Jan Björklund,Utbildningsminister,2007-09-12,2014-10-03,jan_björklund_minister_2007,
710,Jan Björklund,Skolminister,2006-10-06,2007-09-12,jan_björklund_minister_2006,
711,Lars Leijonborg,Högskole- och forskningsminister,2007-09-12,2009-06-17,lars_leijonborg_minister_2007,
712,Tobias Krantz,Högskole- och forskningsminister,2009-06-17,2010-10-05,tobias_krantz_minister_2009,
713,Jan Björklund,Högskole- och forskningsminister samt vice statsminister,2010-10-05,2014-10-03,jan_björklund_minister_2010,
714,Nyamko Sabuni,Jämställdhets- och ungdomsministersamt biträdande utbildningsminister n ,2010-10-05,2013-01-21,nyamko_sabuni_minister_2010,
715,Maria Arnholm,Jämställdhets- och ungdomsministersamt biträdande utbildningsminister n ,2013-01-21,2014-10-03,maria_arnholm_minister_2013,
716,Eskil Erlandsson,Jordbruksministern ,2006-10-06,2010-10-05,eskil_erlandsson_minister_2006,
717,Eskil Erlandsson,Landsbygdsministern ,2010-10-05,2014-10-03,eskil_erlandsson_minister_2010,
718,Andreas Carlgren,Miljöminister,2006-10-06,2011-09-29,andreas_carlgren_minister_2006,
719,Lena Ek,Miljöminister,2011-09-29,2014-10-03,lena_ek_minister_2011,
720,Maud Olofsson,Näringsminister,2006-10-06,2011-09-29,maud_olofsson_minister_2006,
721,Annie Lööf,Näringsminister,2011-09-29,2014-10-03,annie_lööf_minister_2011,
722,Maud Olofsson,Energiminister,2006-10-06,2011-09-29,maud_olofsson_minister_2006,
723,Anna-Karin Hatt,Energiminister,2011-09-29,2014-10-03,anna-karin_hatt_minister_2011,
724,Åsa Torstensson,Infrastrukturminister,2006-10-06,2010-10-05,åsa_torstensson_minister_2006,
725,Catharina Elmsäter-Svärd,Infrastrukturminister,2010-10-05,2014-10-03,catharina_elmsäter-svärd_minister_2010,
726,Anna-Karin Hatt,IT-minister,2010-10-05,2014-10-03,anna-karin_hatt_minister_2010,
727,Anna-Karin Hatt,Regionminister,2010-10-05,2011-09-29,anna-karin_hatt_minister_2010,
728,Annie Lööf,Regionminister,2011-09-29,2014-10-03,annie_lööf_minister_2011,
729,Maud Olofsson,Vice statsminister,2006-10-06,2010-10-05,maud_olofsson_minister_2006,
730,Nyamko Sabuni,Integrations- jämställdhets- demokrati- ungdoms- och konsumentminister,2006-10-06,2010-10-05,nyamko_sabuni_minister_2006,
731,Cecilia Stegö Chilò,Kultur- och idrottsminister,2006-10-06,2006-10-16,cecilia_stegö_chilò_minister_2006,
732,Lena Adelsohn Liljeroth,Kultur- och idrottsminister,2006-10-24,2014-10-03,lena_adelsohn_liljeroth_minister_2006,
733,Cecilia Stegö Chilò,Samfundsminister,2006-10-06,2006-10-16,cecilia_stegö_chilò_minister_2006,
734,Lena Adelsohn Liljeroth,Samfundsminister,2006-10-24,2010-10-05,lena_adelsohn_liljeroth_minister_2006,
735,Sven Otto Littorin,Arbetsmarknadsminister,2006-10-06,2010-07-07,sven_otto_littorin_minister_2006,
736,Tobias Billström,Arbetsmarknadsminister,2010-07-07,2010-10-05,tobias_billström_minister_2010,
737,Hillevi Engström,Arbetsmarknadsminister,2010-10-05,2013-09-17,hillevi_engström_minister_2010,
738,Elisabeth Svantesson,Arbetsmarknadsminister,2013-09-17,2014-10-03,elisabeth_svantesson_minister_2013,
739,Erik Ullenhag,Integrationsminister,2010-10-05,2014-10-03,erik_ullenhag_minister_2010,
740,Tage Erlander,Statsminister,1946-10-11,1951-10-01,tage_erlander_minister_1946,
741,Östen Undén,Utrikesminister,1946-10-11,1951-10-01,östen_undén_minister_1946,
742,Herman Zetterberg,Justitieminister,1946-10-11,1951-10-01,herman_zetterberg_minister_1946,
743,Allan Vougt,Försvarsminister,1946-10-11,1951-10-01,allan_vougt_minister_1946,
744,Gustav Möller,Socialminister,1946-10-11,1951-10-01,gustav_möller_minister_1946,
745,Torsten Nilsson,Kommunikationsminister,1946-10-11,1951-10-01,torsten_nilsson_minister_1946,
746,Ernst Wigforss,Finansminister,1946-10-11,1949-06-30,ernst_wigforss_minister_1946,
747,David Hall,Finansminister,1949-07-01,1949-10-17,david_hall_minister_1949,
748,Per Edvin Sköld,Finansminister,1949-10-21,1951-10-01,per_edvin_sköld_minister_1949,
749,Josef Weijne,Ecklesiastikminister,1946-10-11,1951-03-08,josef_weijne_minister_1946,
750,Hildur Nygren,Ecklesiastikminister,1951-03-17,1951-10-01,hildur_nygren_minister_1951,
751,Per Edvin Sköld,Jordbruksminister,1946-10-11,1948-10-29,per_edvin_sköld_minister_1946,
752,Gunnar Sträng,Jordbruksminister,1948-10-29,1951-10-01,gunnar_sträng_minister_1948,
753,Gunnar Myrdal,Handelsminister,1946-10-11,1947-04-11,gunnar_myrdal_minister_1946,
754,Axel Gjöres,Handelsminister,1947-04-11,1948-09-24,axel_gjöres_minister_1947,
755,John Ericsson,Handelsminister,1948-09-24,1951-10-01,john_ericsson_minister_1948, i Kinna
756,Axel Gjöres,Folkhushållningsminister,1946-10-11,1947-04-11,axel_gjöres_minister_1946,
757,Gunnar Sträng,Folkhushållningsminister,1947-04-11,1948-10-29,gunnar_sträng_minister_1947,
758,Karin Kock-Lindberg,Folkhushållningsminister,1948-10-29,1949-12-31,karin_kock-lindberg_minister_1948,
759,John Ericsson,Folkhushållningsminister,1950-01-01,1950-06-30,john_ericsson_minister_1950, i Kinna
760,Eije Mossberg,Inrikesminister,1947-07-01,1951-10-01,eije_mossberg_minister_1947,
761,John Lingman,Civilminister,1950-07-01,1951-10-01,john_lingman_minister_1950,
762,Gunnar Danielson,Juristkonsult,1946-10-11,1951-10-01,gunnar_danielson_minister_1946,
763,Nils Quensel,Juristkonsult och kyrkominister,1946-10-11,1951-10-01,nils_quensel_minister_1946,
764,John Ericsson,Bränsleminister,1946-10-11,1948-10-28,john_ericsson_minister_1946, i Kinna
765,Eije Mossberg,Bitr socialminister,1946-10-11,1947-07-01,eije_mossberg_minister_1946,
766,Gunnar Sträng,Bitr jordbruksminister,1946-10-11,1947-04-11,gunnar_sträng_minister_1946,
767,Karin Kock-Lindberg,Ekonomiska frågor,1947-04-11,1948-10-28,karin_kock-lindberg_minister_1947,
768,Sven Andersson,Ekonomiska frågor,1948-10-28,1951-10-01,sven_andersson_minister_1948,
769,Per Edvin Sköld,Ekonomisk samordningsminister,1948-10-28,1949-10-21,per_edvin_sköld_minister_1948,
770,John Lingman,Löneminister,1950-01-04,1950-07-01,john_lingman_minister_1950,
771,Dag Hammarskjöld,Utrikeshandelsminister,1951-02-06,1951-10-01,dag_hammarskjöld_minister_1951,
772,Olof Palme,Statsminister,1969-10-14,1976-10-08,olof_palme_minister_1969,
773,Carl Lidbom,Samordningsminister,1975-01-01,1975-11-01,carl_lidbom_minister_1975,
774,Thage G Peterson,Samordningsminister,1975-11-01,1976-10-08,thage_g_peterson_minister_1975,
775,Lennart Geijer,Justitieminister,1969-10-14,1976-10-08,lennart_geijer_minister_1969,
776,Torsten Nilsson,Utrikesminister,1969-10-14,1971-06-30,torsten_nilsson_minister_1969,
777,Krister Wickman,Utrikesminister,1971-06-30,1973-11-03,krister_wickman_minister_1971,
778,Sven Andersson,Utrikesminister,1973-11-03,1976-10-08,sven_andersson_minister_1973,
779,Gertrud Sigurdsen,Biståndsminister,1973-11-03,1976-10-08,gertrud_sigurdsen_minister_1973,
780,Alva Myrdal,Nedrustnings- och kyrkominister,1969-10-14,1973-11-03,alva_myrdal_minister_1969,
781,Sven Andersson,Försvarsminister,1969-10-14,1973-11-03,sven_andersson_minister_1969,
782,Eric Holmqvist,Försvarsminister,1973-11-03,1976-10-08,eric_holmqvist_minister_1973,
783,Sven Aspling,Socialminister,1969-10-14,1976-10-08,sven_aspling_minister_1969,
784,Camilla Odhnoff,Familje- ungdoms- och invandrarminister,1969-10-14,1973-11-03,camilla_odhnoff_minister_1969,
785,Bengt Norling,Kommunikationsminister,1969-10-14,1976-10-08,bengt_norling_minister_1969,
786,Gunnar Sträng,Finansminister,1969-10-14,1976-10-08,gunnar_sträng_minister_1969,
787,Bertil Löfberg,Löneminister,1969-10-14,1975-11-01,bertil_löfberg_minister_1969,
788,Kjell-Olof Feldt,Löneminister och minister för nordiskt samarbete,1975-11-01,1976-10-08,kjell-olof_feldt_minister_1975,
789,Ingvar Carlsson,Utbildningsminister,1969-10-14,1973-11-03,ingvar_carlsson_minister_1969,
790,Bertil Zachrisson,Utbildningsminister,1973-11-03,1976-10-08,bertil_zachrisson_minister_1973,
791,Sven Moberg,Undervisningsminister,1969-10-14,1973-11-03,sven_moberg_minister_1969,
792,Lena Hjelm-Wallén,Skolminister,1974-01-04,1976-10-08,lena_hjelm-wallén_minister_1974,
793,Ingemund Bengtsson,Jordbruksminister,1969-10-14,1973-11-03,ingemund_bengtsson_minister_1969,
794,Svante Lundkvist,Jordbruksminister,1973-11-03,1976-10-08,svante_lundkvist_minister_1973,
795,Gunnar Lange,Handelsminister,1969-10-14,1970-10-09,gunnar_lange_minister_1969,
796,Kjell-Olof Feldt,Handelsminister,1970-10-03,1975-11-01,kjell-olof_feldt_minister_1970,
797,Carl Lidbom,Handelsminister,1975-11-01,1976-10-08,carl_lidbom_minister_1975,
798,Kjell-Olof Feldt,Minister för nordiskt samarbete,1970-10-03,1975-11-01,kjell-olof_feldt_minister_1970,
799,Eric Holmqvist,Inrikesminister,1969-10-14,1973-11-03,eric_holmqvist_minister_1969,
800,Ingemund Bengtsson,Inrikesminister,1973-11-03,1973-12-31,ingemund_bengtsson_minister_1973,
801,Ingemund Bengtsson,Arbetsmarknadsminister,1974-01-01,1976-10-08,ingemund_bengtsson_minister_1974,
802,Anna-Greta Leijon,Invandrar- och jämställdhetsminister,1973-11-03,1976-10-08,anna-greta_leijon_minister_1973,
803,Ingvar Carlsson,Bostadsminister,1973-11-03,1976-10-08,ingvar_carlsson_minister_1973,
804,Svante Lundkvist,Civilminister,1969-10-14,1973-11-03,svante_lundkvist_minister_1969,
805,Hans Gustafsson,Civilminister,1973-11-03,1973-12-31,hans_gustafsson_minister_1973,
806,Hans Gustafsson,Kommunminister,1974-01-01,1976-10-08,hans_gustafsson_minister_1974,
807,Hans Gustafsson,Kyrkominister,1973-11-03,1976-10-08,hans_gustafsson_minister_1973,
808,Krister Wickman,Industriminister,1969-10-14,1971-06-30,krister_wickman_minister_1969,
809,Rune B Johansson,Industriminister,1971-06-30,1976-10-08,rune_b_johansson_minister_1971,
810,Sven-Eric Nilsson,Juristkonsult,1969-10-14,1973-06-30,sven-eric_nilsson_minister_1969,
811,Carl Lidbom,Juristkonsult,1969-10-14,1974-12-31,carl_lidbom_minister_1969,
812,Stefan Löfven,Statsminister,2014-10-03,2019-01-21,stefan_löfven_minister_2014,
813,Kristina Persson,Minister för strategi och framtidsfrågor samt nordiskt samarbete,2014-10-03,2016-05-25,kristina_persson_minister_2014,
814,Ibrahim Baylan,Samordnings- och energiminister,2016-05-25,2019-01-21,ibrahim_baylan_minister_2016,
815,Morgan Johansson,Justitie- och migrationsminister,2014-10-03,2017-07-27,morgan_johansson_minister_2014,
816,Morgan Johansson,Justitie- och inrikesminister,2017-07-27,2019-01-21,morgan_johansson_minister_2017,
817,Heléne Fritzon,Migrationsminister och biträdande justitieminister,2017-07-27,2019-01-21,heléne_fritzon_minister_2017,
818,Anders Ygeman,Inrikesminister,2014-10-03,2017-07-27,anders_ygeman_minister_2014,
819,Margot Wallström,Utrikesminister,2014-10-03,2019-01-21,margot_wallström_minister_2014,
820,Isabella Lövin,Biståndsminister,2014-10-03,2016-05-25,isabella_lövin_minister_2014,
821,Isabella Lövin,Minister för internationellt utvecklingssamarbete  och klimat samt vice statsminister,2016-05-25,2019-01-21,isabella_lövin_minister_2016,
822,Ann Linde,EU- och handelsminister,2016-05-25,2019-01-21,ann_linde_minister_2016,
823,Peter Hultqvist,Försvarsminister,2014-10-03,2019-01-21,peter_hultqvist_minister_2014,
824,Annika Strandhäll,Socialförsäkringsminister,2014-10-03,2017-07-27,annika_strandhäll_minister_2014,
825,Annika Strandhäll,Socialminister,2017-07-27,2019-01-21,annika_strandhäll_minister_2017,
826,Gabriel Wikström,Folkhälso- sjukvårds- och idrottsminister,2014-10-03,2017-07-27,gabriel_wikström_minister_2014,
827,Åsa Regnér,Barn- äldre- och jämställdhetsminister,2014-10-03,2018-03-08,åsa_regnér_minister_2014,
828,Lena Hallengren,Barn- äldre- och jämställdhetsminister,2018-03-08,2019-01-21,lena_hallengren_minister_2018,
829,Magdalena Andersson,Finansminister,2014-10-03,2019-01-21,magdalena_andersson_minister_2014,
830,Per Bolund,Finansmarknads- och konsumentminister,2014-10-03,2019-01-21,per_bolund_minister_2014,
831,Ardalan Shekarabi,Civilminister,2014-10-03,2019-01-21,ardalan_shekarabi_minister_2014,
832,Gustav Fridolin,Utbildningsminister,2014-10-03,2019-01-21,gustav_fridolin_minister_2014,
833,Aida Hadzialic,Gymnasie- ungdoms- och kunskapslyftsminister,2014-10-03,2016-08-15,aida_hadzialic_minister_2014,
834,Helene Hellmark Knutsson,Gymnasie- ungdoms- och kunskapslyftsminister,2016-08-15,2016-09-13,helene_hellmark_knutsson_minister_2016,
835,Anna Ekström,Gymnasie- ungdoms- och kunskapslyftsminister,2016-09-13,2019-01-21,anna_ekström_minister_2016,
836,Helene Hellmark Knutsson,Minister för högre utbildning och forskning,2014-10-03,2019-01-21,helene_hellmark_knutsson_minister_2014,
837,Åsa Romson,Klimat- och miljöminister samt vice statsminister,2014-10-03,2016-05-25,åsa_romson_minister_2014,
838,Karolina Skog,Miljöminister,2016-05-25,2019-01-21,karolina_skog_minister_2016,
839,Ibrahim Baylan,Energiminister,2014-10-03,2016-05-25,ibrahim_baylan_minister_2014,
840,Mikael Damberg,Närings- och innovationsminister,2014-10-03,2019-01-21,mikael_damberg_minister_2014,
841,Mehmet Kaplan,Bostads- IT- och stadsutvecklingsminister,2014-10-03,2016-04-18,mehmet_kaplan_minister_2014,
842,Per Bolund,Bostads- IT- och stadsutvecklingsminister,2016-04-18,2016-05-25,per_bolund_minister_2016,
843,Peter Eriksson,Bostads- och digitaliseringsminister,2016-05-25,2019-01-21,peter_eriksson_minister_2016,
844,Anna Johansson,Infrastrukturminister,2014-10-03,2017-07-27,anna_johansson_minister_2014,
845,Tomas Eneroth,Infrastrukturminister,2017-07-27,2019-01-21,tomas_eneroth_minister_2017,
846,Sven-Erik Bucht,Landsbygdsminister,2014-10-03,2019-01-21,sven-erik_bucht_minister_2014,
847,Alice Bah Kuhnke,Kultur- samfunds- och demokratiminister,2014-10-03,2019-01-21,alice_bah_kuhnke_minister_2014,
848,Ylva Johansson,Arbetsmarknadsminister,2014-10-03,2016-05-25,ylva_johansson_minister_2014,
849,Ylva Johansson,Arbetsmarknads- och etableringsminister,2016-05-25,2019-01-21,ylva_johansson_minister_2016,
850,Carl Gustaf Ekman,Statsminister,1930-06-07,1932-08-06,carl_gustaf_ekman_minister_1930,
851,Felix Hamrin,Finansminister,1930-06-07,1932-08-06,felix_hamrin_minister_1930,
852,Natanael Gärde,Justitieminister,1930-06-07,1932-08-06,natanael_gärde_minister_1930,
853,Fredrik Ramel,Utrikesminister,1930-06-07,1932-08-06,fredrik_ramel_minister_1930,
854,Carl Gustaf Ekman,Försvarsminister,1930-06-07,1931-06-19,carl_gustaf_ekman_minister_1930,
855,Anton Rundqvist,Försvarsminister,1931-06-19,1932-08-06,anton_rundqvist_minister_1931,
856,Sam Larsson,Socialminister,1930-06-07,1932-08-06,sam_larsson_minister_1930,
857,Ola Jeppsson,Kommunikationsminister,1930-06-07,1932-08-06,ola_jeppsson_minister_1930,
858,Samuel Stadener,Ecklesiastikminister,1930-06-07,1932-08-06,samuel_stadener_minister_1930,
859,Bo von Stockenström,Jordbruksminister,1930-06-07,1932-08-06,bo_von_stockenström_minister_1930,
860,David Hansén,Handelsminister,1930-06-07,1932-08-06,david_hansén_minister_1930,
861,Ragnar Gyllenswärd,Konsultativt statsråd,1930-06-07,1932-08-06,ragnar_gyllenswärd_minister_1930,
862,Åke Holmbäck,Konsultativt statsråd,1930-06-07,1932-08-06,åke_holmbäck_minister_1930,
863,Erik Österberg,Konsultativt statsråd,1930-06-07,1930-12-12,erik_österberg_minister_1930,
864,Anton Rundqvist,Konsultativt statsråd,1930-12-12,1931-06-19,anton_rundqvist_minister_1930,
865,Stefan Löfven,Statsminister,2019-01-21,2021-07-09,stefan_löfven_minister_2019,
866,Hans Dahlgren,EU-minister,2019-01-21,2021-07-09,hans_dahlgren_minister_2019,
867,Morgan Johansson,Justitie- och migrationsminister,2019-01-21,2021-07-09,morgan_johansson_minister_2019,
868,Mikael Damberg,Inrikesminister,2019-01-21,2021-07-09,mikael_damberg_minister_2019,
869,Margot Wallström,Utrikesminister,2019-01-21,2019-09-10,margot_wallström_minister_2019,
870,Ann Linde,Utrikesminister,2019-09-10,2021-07-09,ann_linde_minister_2019,
871,Peter Eriksson,Minister för internationellt utvecklingssamarbete,2019-01-21,2020-12-17,peter_eriksson_minister_2019,
872,Isabella Lövin,Minister för internationellt utvecklingssamarbete,2020-12-17,2021-02-05,isabella_lövin_minister_2020,
873,Per Olsson Fridh,Minister för internationellt utvecklingssamarbete,2021-02-05,2021-07-09,per_olsson_fridh_minister_2021,
874,Ann Linde,Utrikeshandelsminister ochminister med ansvar för nordiska frågor,2019-01-21,2019-09-10,ann_linde_minister_2019,
875,Anna Hallberg,Utrikeshandelsminister ochminister med ansvar för nordiska frågor,2019-09-10,2021-07-09,anna_hallberg_minister_2019,
876,Peter Hultqvist,Försvarsminister,2019-01-21,2021-07-09,peter_hultqvist_minister_2019,
877,Lena Hallengren,Socialminister,2019-01-21,2021-07-09,lena_hallengren_minister_2019,
878,Annika Strandhäll,Socialförsäkringsminister,2019-01-21,2019-10-01,annika_strandhäll_minister_2019,
879,Ardalan Shekarabi,Socialförsäkringsminister,2019-10-01,2021-07-09,ardalan_shekarabi_minister_2019,
880,Magdalena Andersson,Finansminister,2019-01-21,2021-07-09,magdalena_andersson_minister_2019,
881,Per Bolund,Finansmarknads- och bostadsministerbiträdande finansminister,2019-01-21,2021-02-05,per_bolund_minister_2019,
882,Åsa Lindhagen,Finansmarknads- och biträdande finansminister,2021-02-05,2021-07-09,åsa_lindhagen_minister_2021,
883,Ardalan Shekarabi,Civilminister,2019-01-21,2019-10-01,ardalan_shekarabi_minister_2019,
884,Lena Micko,Civilminister,2019-10-01,2021-07-09,lena_micko_minister_2019,
885,Anna Ekström,Utbildningsminister,2019-01-21,2021-07-09,anna_ekström_minister_2019,
886,Matilda Ernkrans,Minister för högre utbildning och forskning,2019-01-21,2021-07-09,matilda_ernkrans_minister_2019,
887,Isabella Lövin,Miljö- och klimatminister samt vice statsminister,2019-01-21,2021-02-05,isabella_lövin_minister_2019,
888,Per Bolund,Miljö- och klimatminister samt vice statsminister,2021-02-05,2021-07-09,per_bolund_minister_2021,
889,Ibrahim Baylan,Näringsminister,2019-01-21,2021-07-09,ibrahim_baylan_minister_2019,
890,Jennie Nilsson,Landsbygdsminister,2019-01-21,2021-06-30,jennie_nilsson_minister_2019,
891,Ibrahim Baylan,Landsbygdsminister,2021-06-30,2021-07-09,ibrahim_baylan_minister_2021,
892,Tomas Eneroth,Infrastrukturminister,2019-01-21,2019-03-31,tomas_eneroth_minister_2019,
893,Anders Ygeman,Energi- och digitaliseringsminister,2019-01-21,2019-03-31,anders_ygeman_minister_2019,
894,Amanda Lind,Kultur- och demokratiminister samtminister med ansvar för idrottsfrågorna,2019-01-21,2021-07-09,amanda_lind_minister_2019,
895,Ylva Johansson,Arbetsmarknadsminister,2019-01-21,2019-09-10,ylva_johansson_minister_2019,
896,Eva Nordmark,Arbetsmarknadsminister,2019-09-10,2021-07-09,eva_nordmark_minister_2019,
897,Åsa Lindhagen,Jämställdhetsminister samtminister med ansvar för arbetet motdiskriminering och segregation,2019-01-21,2021-02-05,åsa_lindhagen_minister_2019,
898,Märta Stenevi,Jämställdhetsminister bostadsminister samtminister med ansvar för arbetet motdiskriminering och segregation,2021-02-05,2021-07-09,märta_stenevi_minister_2021,
899,Tomas Eneroth,Infrastrukturminister,2019-04-01,2021-07-09,tomas_eneroth_minister_2019,
900,Anders Ygeman,Energi- och digitaliseringsminister,2019-04-01,2021-07-09,anders_ygeman_minister_2019,
