person_id,end,government,role,start
Q109828321,,Regeringen Andersson,kulturminister,2021-11-30
Q109828321,,Regeringen Andersson,kulturminister,
Q1145662,1949-06-30,Regeringen Erlander I,finansminister,
Q1145662,,Regeringen Branting III,konsultativt statsråd,
Q1145662,,Regeringen Hansson II,finansminister,
Q1145662,,Regeringen Hansson III,finansminister,
Q1145662,,Regeringen Hansson IV,finansminister,
Q1232072,2003-10-09,Regeringen Persson,biståndsminister,2002-01-07
Q1232072,2003-10-10,Regeringen Persson,biståndsminister,2002-01-07
Q1232072,2003-10-10,Regeringen Persson,migrationsminister,2001-11-16
Q1232072,2003-10-10,Regeringen Persson,migrationsminister,2002-01-07
Q1232072,2003-10-10,Regeringen Persson,utrikesminister,2003-09-11
Q1267,1953-04-08,Regeringen Erlander I,utrikeshandelsminister,1951-02-06
Q1267,,Regeringen Erlander I,utrikeshandelsminister,1951-02-06
Q1346478,1985-10-16,Regeringen Palme II,socialminister,1982-10-08
Q1346478,1985-10-16,Regeringen Palme II,socialminister,
Q1346478,1991-10-04,Regeringen Carlsson I,utrikesminister,1985-10-17
Q1346478,1991-10-04,Regeringen Carlsson II,utrikesminister,1985-10-17
Q1346478,1991-10-04,Regeringen Palme II,utrikesminister,1985-10-17
Q1346478,,Regeringen Carlsson I,utrikesminister,
Q1346478,,Regeringen Carlsson II,utrikesminister,
Q1346478,,Regeringen Palme II,utrikesminister,1985-10-17
Q1347731,1977-01-01,Regeringen Fälldin I,invandrarminister,
Q1347731,1977-01-11,Regeringen Fälldin I,invandrarminister,1976-10-08
Q1347731,1978-03-07,Regeringen Fälldin I,Statsministerns ställföretädare,1976-10-08
Q1347731,1978-03-07,Regeringen Fälldin I,arbetsmarknadsminister,1976-10-08
Q1347731,1978-03-07,Regeringen Fälldin I,arbetsmarknadsminister,
Q1347731,1978-03-07,Regeringen Fälldin I,jämställdhetsminister,1976-10-08
Q1347731,1978-03-07,Regeringen Fälldin I,jämställdhetsminister,
Q1375199,1994-10-07,Regeringen Carl Bildt,energiminister,1991-10-04
Q1375199,1994-10-07,Regeringen Carl Bildt,näringsminister,1991-10-04
Q1375199,,Regeringen Carl Bildt,energiminister,
Q1375199,,Regeringen Carl Bildt,näringsminister,
Q152437,1973-11-03,Regeringen Palme I,samfundsminister,1969-10-14
Q152437,1973-11-03,Regeringen Palme I,samfundsminister,
Q152452,1947-04-11,Regeringen Erlander I,handelsminister,1945-07-31
Q152452,1947-04-11,Regeringen Erlander I,handelsminister,
Q152452,1947-04-11,Regeringen Hansson IV,handelsminister,1945-07-31
Q152452,,Regeringen Hansson IV,handelsminister,
Q1555406,1944-09-30,Regeringen Hansson III,infrastrukturminister,
Q1555406,1944-09-30,Regeringen Hansson III,kommunikationsminister,1939-12-13
Q16649624,1926-06-07,Regeringen Branting III,kommunikationsminister,1924-10-18
Q16649624,,Regeringen Branting III,infrastrukturminister,
Q1727737,1982-10-08,Regeringen Fälldin II,invandrarminister,1979-10-12
Q1727737,1982-10-08,Regeringen Fälldin II,jämställdhetsminister,1979-10-12
Q1727737,1982-10-08,Regeringen Fälldin III,invandrarminister,1979-10-12
Q1727737,1982-10-08,Regeringen Fälldin III,jämställdhetsminister,1979-10-12
Q1727737,,Regeringen Fälldin II,invandrarminister,
Q1727737,,Regeringen Fälldin II,jämställdhetsminister,
Q1727737,,Regeringen Fälldin III,invandrarminister,
Q1727737,,Regeringen Fälldin III,jämställdhetsminister,
Q1777531,1945-07-31,Regeringen Hansson III,utrikesminister,1939-12-13
Q1777531,,Regeringen Hansson III,utrikesminister,
Q1780398,2014-10-03,Regeringen Reinfeldt,socialförsäkringsminister,2010-10-05
Q1780398,,Regeringen Reinfeldt,socialförsäkringsminister,2010-10-05
Q1780585,1994-10-07,Regeringen Carl Bildt,justitieminister,1991-10-04
Q1780585,,Regeringen Carl Bildt,justitieminister,
Q179493,1945-07-31,Regeringen Hansson III,handelsminister,1944-09-30
Q179493,,Regeringen Hansson III,handelsminister,1944-09-30
Q1796120,1976-10-08,Regeringen Palme I,invandrarminister,1973-11-03
Q1796120,1976-10-08,Regeringen Palme I,jämställdhetsminister,1973-11-03
Q1796120,1983-11-15,Regeringen Palme II,justitieminister,1983-11-10
Q1796120,1983-11-15,Regeringen Palme II,justitieminister,1983-11-11
Q1796120,1987-10-19,Regeringen Carlsson I,arbetsmarknadsminister,1982-10-08
Q1796120,1987-10-19,Regeringen Carlsson I,arbetsmarknadsminister,
Q1796120,1987-10-19,Regeringen Carlsson I,jämställdhetsminister,1986-10-10
Q1796120,1987-10-19,Regeringen Palme II,arbetsmarknadsminister,1982-10-08
Q1796120,1988-06-07,Regeringen Carlsson I,justitieminister,1987-10-19
Q1796120,,Regeringen Palme I,invandrarminister,1973-11-03
Q1796120,,Regeringen Palme I,jämställdhetsminister,1973-11-03
Q1796120,,Regeringen Palme II,arbetsmarknadsminister,
Q1807154,1920-03-10,Regeringen Edén,sjöförsvarsminister,1917-10-19
Q1807154,1920-10-27,Regeringen Branting I,utrikesminister,1920-03-10
Q1807154,,Regeringen Branting I,utrikesminister,
Q1807154,,Regeringen Edén,sjöförsvarsminister,
Q18176335,2016-08-15,Regeringen Löfven I,skolminister,
Q18176335,2016-08-15,Regeringen Löfven I,ungdomsminister,2014-10-03
Q18176335,2016-08-15,Regeringen Löfven I,ungdomsminister,
Q18177071,2018-03-08,Regeringen Löfven I,jämställdhetsminister,2014-10-03
Q18177071,2018-03-08,Regeringen Löfven I,jämställdhetsminister,
Q18202413,,Regeringen Andersson,landsbygdsminister,
Q182050,2014-10-03,Regeringen Reinfeldt,finansminister,2006-10-06
Q182050,,Regeringen Reinfeldt,finansminister,
Q18243775,2019-01-21,Regeringen Löfven I,EU-minister,2016-05-25
Q18243775,2019-09-10,Regeringen Löfven I,handelsminister,2016-05-25
Q18243775,2019-09-10,Regeringen Löfven II,handelsminister,2016-05-25
Q18243775,2019-09-10,Regeringen Löfven II,minister för nordiskt samarbete,2019-01-21
Q18243775,2019-09-10,Regeringen Löfven II,minister för nordiskt samarbete,
Q18243775,2019-09-10,Regeringen Löfven II,utrikeshandelsminister,
Q18243775,,Regeringen Andersson,utrikesminister,2019-09-10
Q18243775,,Regeringen Andersson,utrikesminister,
Q18243775,,Regeringen Löfven I,EU-minister,2016-05-25
Q18243775,,Regeringen Löfven I,handelsminister,2016-05-25
Q18243775,,Regeringen Löfven II,utrikesminister,2019-09-10
Q18243775,,Regeringen Löfven III,utrikesminister,2019-09-10
Q18243775,,Regeringen Löfven III,utrikesminister,
Q1830351,1994-10-07,Regeringen Carl Bildt,utbildningsminister,1991-10-04
Q1830351,,Regeringen Carl Bildt,utbildningsminister,
Q18451082,,Regeringen Andersson,civilminister,
Q19976668,,Regeringen Andersson,finansmarknadsminister,
Q19977122,2021-11-30,Regeringen Löfven II,biståndsminister,2021-02-05
Q19977122,2021-11-30,Regeringen Löfven III,biståndsminister,2021-02-05
Q2021126,1978-10-18,Regeringen Fälldin I,energiminister,1976-10-08
Q2021126,1981-05-22,Regeringen Fälldin II,kommunikationsminister,1981-05-05
Q2021126,1982-10-08,Regeringen Fälldin II,konsultativt statsråd,1979-10-12
Q2021126,1982-10-08,Regeringen Fälldin II,löneminister,1979-10-12
Q2021126,1982-10-08,Regeringen Fälldin III,konsultativt statsråd,1979-10-12
Q2021126,1982-10-08,Regeringen Fälldin III,löneminister,1979-10-12
Q2021126,1994-06-16,Regeringen Carl Bildt,miljöminister,1991-10-04
Q2021126,1994-06-16,Regeringen Carl Bildt,miljöminister,
Q2021126,1994-06-16,Regeringen Carl Bildt,minister för nordiskt samarbete,1991-10-04
Q2021126,1994-06-16,Regeringen Carl Bildt,minister för nordiskt samarbete,
Q2021126,,Regeringen Fälldin I,energiminister,
Q2021126,,Regeringen Fälldin II,infrastrukturminister,1981-05-05
Q2021126,,Regeringen Fälldin II,löneminister,
Q2021126,,Regeringen Fälldin III,löneminister,
Q2029325,,Regeringen Löfven I,utbildningsminister,
Q20760558,1920-07-01,Regeringen Branting I,civilminister,1920-03-10
Q20760558,1920-07-01,Regeringen Branting I,civilminister,
Q20760558,1920-10-27,Regeringen Branting I,kommunikationsminister,1920-07-01
Q20760558,1923-04-19,Regeringen Branting II,handelsminister,1921-10-13
Q20760558,,Regeringen Branting I,infrastrukturminister,1920-07-01
Q20760558,,Regeringen Branting II,handelsminister,
Q208591,1998-10-07,Regeringen Carlsson III,miljöminister,1994-10-07
Q208591,1998-10-07,Regeringen Persson,miljöminister,1994-10-07
Q208591,1998-10-07,Regeringen Persson,miljöminister,
Q208591,2003-09-11,Regeringen Persson,utrikesminister,1998-10-07
Q208591,,Regeringen Carlsson III,miljöminister,
Q2130664,1976-10-08,Regeringen Palme I,justitieminister,1969-10-14
Q2130664,,Regeringen Palme I,justitieminister,
Q231413,1991-10-04,Regeringen Carlsson I,arbetsmarknadsminister,1990-01-11
Q231413,1991-10-04,Regeringen Carlsson II,arbetsmarknadsminister,1990-01-11
Q231413,1995-11-16,Regeringen Carlsson III,Statsministerns ställföretädare,1994-10-07
Q231413,2002-10-21,Regeringen Persson,näringsminister,2002-10-15
Q231413,2004-10-21,Regeringen Persson,demokratiminister,2002-10-15
Q231413,2004-10-21,Regeringen Persson,demokratiminister,2002-10-21
Q231413,2004-10-21,Regeringen Persson,idrottsminister,2000-10-21
Q231413,2004-10-21,Regeringen Persson,integrationsminister,2000-10-21
Q231413,2004-10-21,Regeringen Persson,jämställdhetsminister,2000-10-21
Q231413,2004-10-21,Regeringen Persson,jämställdhetsminister,2002-10-21
Q231413,2006-10-06,Regeringen Persson,bostadsminister,2004-10-21
Q231413,2006-10-06,Regeringen Persson,energiminister,2004-10-21
Q231413,,Regeringen Carlsson I,arbetsmarknadsminister,1990-01-11
Q231413,,Regeringen Carlsson II,arbetsmarknadsminister,
Q231413,,Regeringen Persson,bostadsminister,2004-10-21
Q2345137,1973-11-03,Regeringen Palme I,inrikesminister,1969-01-25
Q2345137,1973-11-03,Regeringen Palme I,inrikesminister,
Q2345137,1976-01-01,Regeringen Palme I,försvarsminister,1973-01-01
Q2345137,,Regeringen Palme I,försvarsminister,1973-11-03
Q234872,2010-01-22,Regeringen Reinfeldt,EU-minister,2006-10-06
Q234872,2010-01-22,Regeringen Reinfeldt,EU-minister,
Q237522,1991-10-04,Regeringen Carlsson I,konsumentminister,1988-10-04
Q237522,1991-10-04,Regeringen Carlsson I,samfundsminister,1988-10-04
Q237522,1991-10-04,Regeringen Carlsson I,ungdomsminister,1988-10-04
Q237522,1991-10-04,Regeringen Carlsson II,konsumentminister,1988-10-04
Q237522,1991-10-04,Regeringen Carlsson II,samfundsminister,1988-10-04
Q237522,1991-10-04,Regeringen Carlsson II,ungdomsminister,1988-10-04
Q237522,1996-03-22,Regeringen Carlsson III,kulturminister,1994-10-07
Q237522,1998-10-01,Regeringen Persson,socialminister,1996-03-22
Q237522,1998-10-07,Regeringen Persson,socialminister,
Q237522,2019-01-21,Regeringen Löfven I,minister för nordiskt samarbete,2016-05-25
Q237522,2019-09-10,Regeringen Löfven I,Statsministerns ställföretädare,2014-10-03
Q237522,2019-09-10,Regeringen Löfven I,utrikesminister,2014-10-03
Q237522,2019-09-10,Regeringen Löfven II,Statsministerns ställföretädare,2014-10-03
Q237522,2019-09-10,Regeringen Löfven II,utrikesminister,
Q237522,,Regeringen Carlsson I,samfundsminister,1988-10-04
Q237522,,Regeringen Carlsson I,ungdomsminister,1988-10-04
Q237522,,Regeringen Carlsson II,samfundsminister,
Q237522,,Regeringen Carlsson II,ungdomsminister,
Q237522,,Regeringen Carlsson III,kulturminister,
Q237522,,Regeringen Löfven I,utrikesminister,
Q23915324,,Regeringen Andersson,skolminister,2021-11-30
Q23915324,,Regeringen Andersson,skolminister,
Q23916255,2021-02-05,Regeringen Löfven II,jämställdhetsminister,2019-01-21
Q23916255,2021-11-30,Regeringen Löfven II,finansmarknadsminister,2021-02-05
Q23916255,2021-11-30,Regeringen Löfven III,finansmarknadsminister,2021-02-05
Q23916255,,Regeringen Löfven II,integrationsminister,
Q23916255,,Regeringen Löfven II,jämställdhetsminister,
Q23916255,,Regeringen Löfven III,biträdande finansminister,
Q23916255,,Regeringen Löfven III,finansmarknadsminister,
Q24018140,2021-11-30,Regeringen Löfven I,idrottsminister,2019-01-21
Q24018140,2021-11-30,Regeringen Löfven II,demokratiminister,2019-01-21
Q24018140,2021-11-30,Regeringen Löfven II,kulturminister,2019-01-21
Q24018140,2021-11-30,Regeringen Löfven III,demokratiminister,2019-01-21
Q24018140,2021-11-30,Regeringen Löfven III,kulturminister,2019-01-21
Q24018140,,Regeringen Löfven II,demokratiminister,
Q24018140,,Regeringen Löfven II,idrottsminister,
Q24018140,,Regeringen Löfven II,kulturminister,
Q24018140,,Regeringen Löfven III,demokratiminister,
Q24018140,,Regeringen Löfven III,idrottsminister,
Q24018140,,Regeringen Löfven III,kulturminister,
Q2408431,1976-10-08,Regeringen Palme I,samordningsminister,1975-11-01
Q2408431,1988-09-30,Regeringen Carlsson I,justitieminister,1988-06-07
Q2408431,1988-09-30,Regeringen Carlsson I,justitieminister,1988-07-07
Q2408431,1988-09-30,Regeringen Carlsson I,näringsminister,1982-10-08
Q2408431,1988-09-30,Regeringen Carlsson I,näringsminister,
Q2408431,1988-09-30,Regeringen Palme II,näringsminister,1982-10-08
Q2408431,1997-02-01,Regeringen Carlsson III,försvarsminister,1994-10-07
Q2408431,1997-02-01,Regeringen Persson,försvarsminister,1994-10-07
Q2408431,1997-02-01,Regeringen Persson,försvarsminister,
Q2408431,1998-10-07,Regeringen Persson,samordningsminister,1997-02-01
Q2408431,,Regeringen Carlsson III,försvarsminister,
Q2408431,,Regeringen Palme I,samordningsminister,1975-11-01
Q2408431,,Regeringen Palme II,näringsminister,
Q241035,1951-10-01,Regeringen Erlander I,kommunikationsminister,1945-07-31
Q241035,1951-10-01,Regeringen Hansson IV,kommunikationsminister,1945-07-31
Q241035,1971-06-30,Regeringen Palme I,utrikesminister,1962-09-19
Q241035,1971-06-30,Regeringen Palme I,utrikesminister,
Q241035,,Regeringen Erlander I,infrastrukturminister,
Q241035,,Regeringen Hansson IV,infrastrukturminister,
Q241208,2019-01-21,Regeringen Löfven I,biståndsminister,2014-10-03
Q241208,2021-02-05,Regeringen Löfven II,biståndsminister,2020-12-17
Q241208,2021-02-05,Regeringen Löfven II,miljöminister,2019-01-21
Q241208,,Regeringen Löfven I,miljöminister,
Q241208,,Regeringen Löfven II,miljöminister,
Q241851,2010-10-05,Regeringen Reinfeldt,demokratiminister,2006-10-06
Q241851,2010-10-05,Regeringen Reinfeldt,demokratiminister,
Q241851,2010-10-05,Regeringen Reinfeldt,integrationsminister,2006-10-06
Q241851,2010-10-05,Regeringen Reinfeldt,integrationsminister,
Q241851,2010-10-05,Regeringen Reinfeldt,konsumentminister,2006-10-06
Q241851,2013-01-21,Regeringen Reinfeldt,biträdande utbildningsminister,2010-10-05
Q241851,2013-01-21,Regeringen Reinfeldt,jämställdhetsminister,2006-10-06
Q241851,2013-01-21,Regeringen Reinfeldt,jämställdhetsminister,
Q241851,2013-01-21,Regeringen Reinfeldt,ungdomsminister,2006-10-06
Q241851,2013-01-21,Regeringen Reinfeldt,ungdomsminister,
Q2448370,1994-10-07,Regeringen Carl Bildt,idrottsminister,1991-10-04
Q2448370,1994-10-07,Regeringen Carl Bildt,skatteminister,1991-10-04
Q2448370,,Regeringen Carl Bildt,idrottsminister,
Q2448370,,Regeringen Carl Bildt,skatteminister,
Q2494607,,Regeringen Andersson,näringsminister,
Q253640,2010-10-05,Regeringen Reinfeldt,Statsministerns ställföretädare,2006-10-06
Q253640,2011-09-29,Regeringen Reinfeldt,energiminister,2006-10-06
Q253640,2011-09-29,Regeringen Reinfeldt,energiminister,
Q253640,2011-09-29,Regeringen Reinfeldt,näringsminister,2010-10-06
Q253640,2011-09-29,Regeringen Reinfeldt,näringsminister,
Q263366,1976-11-24,Regeringen Fälldin I,finansminister,1976-10-08
Q263366,1976-11-25,Regeringen Fälldin I,finansminister,
Q263366,1978-10-18,Regeringen Fälldin I,ekonomiminister,1976-11-25
Q263366,1981-05-05,Regeringen Fälldin II,ekonomiminister,1979-10-12
Q263366,1981-05-05,Regeringen Fälldin II,ekonomiminister,
Q263366,,Regeringen Fälldin I,ekonomiminister,1976-11-25
Q271230,2016-05-25,Regeringen Löfven I,miljöminister,2014-10-03
Q271230,2016-05-25,Regeringen Löfven I,miljöminister,
Q271235,2010-10-05,Regeringen Reinfeldt,infrastrukturminister,2006-10-06
Q271235,2010-10-05,Regeringen Reinfeldt,infrastrukturminister,
Q273408,1994-10-07,Regeringen Carl Bildt,finansminister,1991-10-04
Q273408,,Regeringen Carl Bildt,finansminister,
Q2740012,,Regeringen Löfven I,statsminister,
Q2740012,,Regeringen Löfven II,statsminister,
Q2740012,,Regeringen Löfven III,statsminister,
Q291648,1991-10-04,Regeringen Carlsson I,justitieminister,1988-10-04
Q291648,1991-10-04,Regeringen Carlsson II,justitieminister,1988-10-04
Q291648,2000-09-21,Regeringen Carlsson III,justitieminister,1994-10-07
Q291648,2000-09-21,Regeringen Persson,justitieminister,1994-10-07
Q291648,2000-09-21,Regeringen Persson,justitieminister,
Q291648,2004-11-01,Regeringen Persson,Statsministerns ställföretädare,2004-10-01
Q291648,2006-03-21,Regeringen Persson,utrikesminister,2003-10-10
Q291648,,Regeringen Carlsson I,justitieminister,1988-10-04
Q291648,,Regeringen Carlsson II,justitieminister,
Q291648,,Regeringen Carlsson III,justitieminister,
Q2938797,2006-04-24,Regeringen Persson,utrikesminister,2006-03-27
Q2938797,2006-10-06,Regeringen Persson,biståndsminister,2003-10-10
Q2938797,,Regeringen Persson,biståndsminister,2003-10-10
Q2941786,2012-04-18,Regeringen Reinfeldt,försvarsminister,2012-03-29
Q2941786,2014-10-02,Regeringen Reinfeldt,infrastrukturminister,2010-10-05
Q2941786,,Regeringen Reinfeldt,infrastrukturminister,2010-10-05
Q297275,1979-10-12,Regeringen Ullsten,utrikesminister,1978-10-18
Q297275,,Regeringen Ullsten,biståndsminister,
Q297275,,Regeringen Ullsten,utrikesminister,
Q297821,2010-10-05,Regeringen Reinfeldt,samfundsminister,2006-10-24
Q297821,2014-10-03,Regeringen Reinfeldt,idrottsminister,2006-10-24
Q297821,2014-10-03,Regeringen Reinfeldt,kulturminister,2006-10-24
Q297821,,Regeringen Reinfeldt,idrottsminister,2006-10-24
Q297821,,Regeringen Reinfeldt,kulturminister,2006-10-24
Q297821,,Regeringen Reinfeldt,samfundsminister,2006-10-24
Q297850,1994-10-07,Regeringen Carl Bildt,skolminister,1991-10-04
Q297850,2014-10-03,Regeringen Reinfeldt,justitieminister,2006-10-06
Q297850,,Regeringen Carl Bildt,skolminister,
Q297850,,Regeringen Reinfeldt,justitieminister,
Q298317,1920-03-10,Regeringen Edén,konsultativt statsråd,1917-10-19
Q298317,1920-06-30,Regeringen Branting I,justitieminister,1920-03-10
Q298317,1920-06-30,Regeringen Branting I,justitieminister,
Q298317,1926-06-07,Regeringen Branting III,utrikesminister,1924-10-18
Q298317,1962-09-19,Regeringen Erlander I,utrikesminister,1945-07-31
Q298317,1962-09-19,Regeringen Hansson IV,utrikesminister,1945-07-31
Q298317,,Regeringen Branting III,utrikesminister,
Q298317,,Regeringen Edén,konsultativt statsråd,
Q298317,,Regeringen Erlander I,utrikesminister,
Q298317,,Regeringen Hansson IV,utrikesminister,
Q3055916,2006-10-06,Regeringen Persson,skolminister,2004-10-21
Q3055916,2019-01-21,Regeringen Löfven I,energiminister,2014-10-03
Q3055916,2019-01-21,Regeringen Löfven I,samordningsminister,2016-05-25
Q3055916,2021-11-30,Regeringen Löfven II,näringsminister,2019-01-21
Q3055916,2021-11-30,Regeringen Löfven III,näringsminister,2019-01-21
Q3055916,,Regeringen Löfven I,energiminister,
Q3055916,,Regeringen Löfven II,näringsminister,
Q3055916,,Regeringen Löfven III,näringsminister,
Q3055916,,Regeringen Persson,skolminister,2004-10-21
Q3058054,2010-10-05,Regeringen Reinfeldt,jordbruksminister,2006-10-06
Q3058054,2014-10-03,Regeringen Reinfeldt,landsbygdsminister,2010-10-05
Q3058054,,Regeringen Reinfeldt,landsbygdsminister,
Q3112958,2010-10-05,Regeringen Reinfeldt,arbetsmarknadsminister,2010-07-07
Q3112958,2014-09-29,Regeringen Reinfeldt,migrationsminister,2006-10-06
Q3112958,,Regeringen Reinfeldt,migrationsminister,
Q3115681,1996-03-22,Regeringen Carlsson III,civilminister,1994-10-07
Q3115681,1996-03-22,Regeringen Carlsson III,idrottsminister,1994-10-07
Q3115681,1996-03-22,Regeringen Carlsson III,jämställdhetsminister,1994-10-07
Q3115681,1996-03-22,Regeringen Carlsson III,konsumentminister,1994-10-07
Q3115681,1996-03-22,Regeringen Carlsson III,ungdomsminister,1994-10-07
Q3115681,2004-05-31,Regeringen Persson,Statsministerns ställföretädare,2003-10-31
Q3115681,2004-09-13,Regeringen Carlsson III,samfundsminister,1994-10-07
Q3115681,2004-09-13,Regeringen Persson,kulturminister,1996-03-22
Q3115681,2004-09-13,Regeringen Persson,kulturminister,
Q3115681,2004-09-13,Regeringen Persson,samfundsminister,1994-10-07
Q3115681,2004-09-13,Regeringen Persson,samfundsminister,
Q3115681,,Regeringen Carlsson III,civilminister,
Q3115681,,Regeringen Carlsson III,idrottsminister,
Q3115681,,Regeringen Carlsson III,jämställdhetsminister,
Q3115681,,Regeringen Carlsson III,samfundsminister,
Q3115681,,Regeringen Carlsson III,ungdomsminister,
Q3141607,2006-10-06,Regeringen Persson,justitieminister,2000-10-11
Q3141607,,Regeringen Persson,justitieminister,2000-10-16
Q320842,2002-11-03,Regeringen Persson,försvarsminister,2002-10-21
Q320842,2004-10-21,Regeringen Persson,kulturminister,2004-09-13
Q320842,2004-10-21,Regeringen Persson,samordningsminister,2002-10-21
Q320842,2004-11-01,Regeringen Persson,kulturminister,2004-09-13
Q320842,2006-10-06,Regeringen Persson,finansminister,2004-10-31
Q320842,,Regeringen Persson,finansminister,2004-10-21
Q3209237,2014-10-03,Regeringen Reinfeldt,finansmarknadsminister,2010-10-05
Q3209237,,Regeringen Reinfeldt,finansmarknadsminister,2010-10-05
Q321595,2004-10-21,Regeringen Persson,finansminister,1999-04-12
Q321595,2006-03-27,Regeringen Persson,utrikesminister,2006-03-21
Q321595,2006-04-24,Regeringen Persson,utrikesminister,2006-03-27
Q321595,2006-10-06,Regeringen Persson,EU-minister,2005-01-01
Q321595,2006-10-06,Regeringen Persson,Statsministerns ställföretädare,2004-11-01
Q321595,2006-10-06,Regeringen Persson,idrottsminister,2004-11-01
Q321595,2006-10-06,Regeringen Persson,samordningsminister,2005-01-01
Q321595,,Regeringen Persson,idrottsminister,2004-11-01
Q321595,,Regeringen Persson,samordningsminister,2005-01-01
Q3218127,1998-12-31,Regeringen Persson,inrikesminister,1998-11-16
Q3218127,2004-10-21,Regeringen Persson,bostadsminister,1998-11-16
Q3218127,2004-10-21,Regeringen Persson,kommunminister,1998-11-16
Q3296958,1997-02-01,Regeringen Persson,samordningsminister,1996-03-22
Q3296958,1997-02-01,Regeringen Persson,samordningsminister,
Q3296958,2002-10-21,Regeringen Persson,handelsminister,1997-02-01
Q3296958,2002-10-21,Regeringen Persson,minister för nordiskt samarbete,1998-10-07
Q3296958,2002-10-21,Regeringen Persson,utrikeshandelsminister,1997-02-01
Q3296958,2004-10-21,Regeringen Persson,energiminister,2002-10-21
Q3296958,2004-10-21,Regeringen Persson,näringsminister,2002-10-21
Q3296958,2006-10-06,Regeringen Persson,kulturminister,2004-11-01
Q3296958,2006-10-06,Regeringen Persson,utbildningsminister,2004-10-21
Q3296958,,Regeringen Persson,kulturminister,2004-10-21
Q3296958,,Regeringen Persson,utbildningsminister,2004-10-21
Q3297193,1998-10-07,Regeringen Persson,bostadsminister,1996-03-22
Q3297193,1998-10-07,Regeringen Persson,bostadsminister,
Q3297193,1998-10-07,Regeringen Persson,skatteminister,1996-03-22
Q3297193,1998-10-07,Regeringen Persson,skatteminister,
Q3297193,2004-10-21,Regeringen Persson,skolminister,2002-01-16
Q3297193,2004-10-21,Regeringen Persson,utbildningsminister,1998-10-06
Q3297193,2004-10-21,Regeringen Persson,utbildningsminister,1998-10-07
Q3297193,2006-10-06,Regeringen Persson,näringsminister,2004-10-21
Q3297193,,Regeringen Persson,näringsminister,2004-10-21
Q3358782,2006-10-06,Regeringen Persson,migrationsminister,2003-10-10
Q3358782,,Regeringen Persson,migrationsminister,2003-10-10
Q3369258,1998-10-06,Regeringen Carlsson III,skolminister,1994-10-07
Q3369258,1998-10-06,Regeringen Persson,skolminister,1994-10-07
Q3369258,1998-10-07,Regeringen Persson,skolminister,
Q3369258,2006-10-06,Regeringen Persson,sjukvårdsminister,2004-10-01
Q3369258,2019-01-21,Regeringen Löfven I,integrationsminister,2016-05-25
Q3369258,2019-09-10,Regeringen Löfven I,arbetsmarknadsminister,2014-10-03
Q3369258,2019-09-10,Regeringen Löfven II,arbetsmarknadsminister,2014-10-03
Q3369258,2019-09-10,Regeringen Löfven II,arbetsmarknadsminister,
Q3369258,,Regeringen Carlsson III,skolminister,
Q3369258,,Regeringen Löfven I,arbetsmarknadsminister,
Q3369258,,Regeringen Persson,sjukvårdsminister,2004-10-01
Q3370162,,Regeringen Andersson,försvarsminister,
Q3370162,,Regeringen Löfven I,försvarsminister,
Q3370162,,Regeringen Löfven II,försvarsminister,
Q3370162,,Regeringen Löfven III,försvarsminister,
Q3370194,2006-10-06,Regeringen Persson,finansmarknadsminister,2004-10-21
Q3370194,2006-10-06,Regeringen Persson,kommunminister,2004-10-21
Q3370194,,Regeringen Persson,finansmarknadsminister,2004-10-21
Q3370194,,Regeringen Persson,kommunminister,2004-10-21
Q3372917,2019-01-21,Regeringen Löfven I,näringsminister,2014-10-03
Q3372917,2021-11-30,Regeringen Löfven II,inrikesminister,2019-01-21
Q3372917,2021-11-30,Regeringen Löfven III,inrikesminister,2019-01-21
Q3372917,,Regeringen Andersson,finansminister,
Q3372917,,Regeringen Löfven I,näringsminister,
Q3372917,,Regeringen Löfven II,inrikesminister,
Q3372917,,Regeringen Löfven III,inrikesminister,
Q3373058,2021-11-30,Regeringen Löfven II,högskoleminister,2019-01-21
Q3373058,2021-11-30,Regeringen Löfven III,högskoleminister,2019-01-21
Q3373058,,Regeringen Andersson,biståndsminister,
Q3373058,,Regeringen Löfven I,Q30139151,2019-01-21
Q3373058,,Regeringen Löfven II,högskoleminister,
Q3373058,,Regeringen Löfven III,högskoleminister,
Q3373681,1947-04-11,Regeringen Erlander I,folkhushållningsminister,
Q3373681,1947-05-24,Regeringen Erlander I,folkhushållningsminister,1941-03-07
Q3373681,1947-05-24,Regeringen Hansson III,folkhushållningsminister,1941-03-07
Q3373681,1947-05-24,Regeringen Hansson IV,folkhushållningsminister,1941-03-07
Q3373681,1948-09-24,Regeringen Erlander I,handelsminister,1947-04-11
Q3373681,1948-09-24,Regeringen Erlander I,handelsminister,1947-05-24
Q3373681,,Regeringen Hansson III,folkhushållningsminister,1941-03-07
Q3373681,,Regeringen Hansson IV,folkhushållningsminister,
Q3374466,2002-10-06,Regeringen Persson,arbetsmarknadsminister,1998-10-06
Q3374466,2002-10-06,Regeringen Persson,arbetsmarknadsminister,1998-10-07
Q3374466,2002-10-15,Regeringen Persson,energiminister,1998-10-07
Q3374466,2002-10-15,Regeringen Persson,näringsminister,1998-10-07
Q3374466,2002-10-16,Regeringen Persson,infrastrukturminister,1998-10-07
Q3374466,2002-10-16,Regeringen Persson,kommunikationsminister,1998-10-07
Q3375050,2017-07-27,Regeringen Löfven I,inrikesminister,2014-10-03
Q3375050,2017-07-27,Regeringen Löfven I,inrikesminister,
Q3375050,2021-11-30,Regeringen Löfven II,digitaliseringsminister,2019-01-21
Q3375050,2021-11-30,Regeringen Löfven II,energiminister,2019-01-21
Q3375050,2021-11-30,Regeringen Löfven III,digitaliseringsminister,2019-01-21
Q3375050,2021-11-30,Regeringen Löfven III,energiminister,2019-01-21
Q3375050,,Regeringen Andersson,integrationsminister,
Q3375050,,Regeringen Andersson,migrationsminister,
Q3375050,,Regeringen Löfven II,digitaliseringsminister,
Q3375050,,Regeringen Löfven II,energiminister,
Q3375050,,Regeringen Löfven III,digitaliseringsminister,
Q3375050,,Regeringen Löfven III,energiminister,
Q3376192,1971-06-30,Regeringen Palme I,näringsminister,1969-01-01
Q3376192,1971-06-30,Regeringen Palme I,näringsminister,
Q3376192,1973-11-03,Regeringen Palme I,utrikesminister,1971-06-30
Q3386964,1999-06-11,Regeringen Carlsson III,biståndsminister,1994-10-07
Q3386964,1999-06-11,Regeringen Persson,biståndsminister,1994-10-07
Q3386964,1999-09-14,Regeringen Persson,biståndsminister,
Q3386964,1999-09-14,Regeringen Persson,migrationsminister,1996-03-22
Q3386964,1999-09-14,Regeringen Persson,migrationsminister,
Q3386964,,Regeringen Carlsson III,biståndsminister,
Q3430022,1996-03-22,Regeringen Carlsson III,jordbruksminister,1994-10-07
Q3430022,1998-10-06,Regeringen Persson,arbetsmarknadsminister,1996-03-22
Q3430022,1998-10-07,Regeringen Persson,arbetsmarknadsminister,
Q3430022,1998-10-07,Regeringen Persson,minister för nordiskt samarbete,
Q3430022,2002-10-21,Regeringen Persson,jordbruksminister,1998-10-07
Q3430022,2002-10-21,Regeringen Persson,jämställdhetsminister,1998-10-07
Q3430022,2002-10-21,Regeringen Persson,landsbygdsminister,1998-10-07
Q3430022,2003-10-30,Regeringen Persson,Statsministerns ställföretädare,2002-10-21
Q3430022,,Regeringen Carlsson III,landsbygdsminister,
Q3431836,2006-10-06,Regeringen Persson,samfundsminister,2004-09-13
Q3431836,2006-10-06,Regeringen Persson,ungdomsminister,2002-10-21
Q3431836,2019-01-21,Regeringen Löfven I,jämställdhetsminister,2018-03-08
Q3431836,,Regeringen Andersson,socialminister,2019-01-21
Q3431836,,Regeringen Andersson,socialminister,
Q3431836,,Regeringen Löfven I,jämställdhetsminister,2018-03-08
Q3431836,,Regeringen Löfven II,socialminister,2019-01-21
Q3431836,,Regeringen Löfven II,socialminister,
Q3431836,,Regeringen Löfven III,socialminister,2019-01-21
Q3431836,,Regeringen Löfven III,socialminister,
Q3431836,,Regeringen Persson,samfundsminister,2004-09-13
Q3431836,,Regeringen Persson,ungdomsminister,2002-10-21
Q3431988,1981-05-05,Regeringen Fälldin II,infrastrukturminister,
Q3431988,1981-05-05,Regeringen Fälldin II,kommunikationsminister,1979-10-12
Q3504785,2010-07-07,Regeringen Reinfeldt,arbetsmarknadsminister,2006-10-06
Q3504785,2010-07-07,Regeringen Reinfeldt,arbetsmarknadsminister,
Q3540867,2014-10-03,Regeringen Reinfeldt,biträdande utbildningsminister,2013-01-21
Q3540867,2014-10-03,Regeringen Reinfeldt,jämställdhetsminister,2013-01-21
Q3540867,2014-10-03,Regeringen Reinfeldt,ungdomsminister,2013-01-21
Q3540867,,Regeringen Reinfeldt,biträdande utbildningsminister,2013-01-21
Q3540867,,Regeringen Reinfeldt,jämställdhetsminister,2013-01-21
Q3540867,,Regeringen Reinfeldt,ungdomsminister,2013-01-21
Q354112,1947-04-11,Regeringen Erlander I,biträdande jordbruksminister,1946-10-11
Q354112,1947-04-11,Regeringen Erlander I,biträdande jordbruksminister,
Q354112,1947-04-11,Regeringen Erlander I,konsultativt statsråd,1945-07-31
Q354112,1947-04-11,Regeringen Hansson IV,konsultativt statsråd,1945-07-31
Q354112,1948-10-29,Regeringen Erlander I,folkhushållningsminister,1947-04-11
Q354112,1948-10-29,Regeringen Erlander I,folkhushållningsminister,1947-05-24
Q354112,1951-10-01,Regeringen Erlander I,jordbruksminister,1948-10-30
Q354112,1976-10-08,Regeringen Palme I,Statsministerns ställföretädare,1975-01-01
Q354112,1976-10-08,Regeringen Palme I,finansminister,1955-09-12
Q354112,,Regeringen Erlander I,landsbygdsminister,1948-10-29
Q354112,,Regeringen Hansson IV,konsultativt statsråd,
Q354112,,Regeringen Palme I,finansminister,
Q3544279,,Regeringen Reinfeldt,försvarsminister,2012-04-18
Q3562306,2014-10-03,Regeringen Reinfeldt,digitaliseringsminister,2010-10-05
Q3562306,2014-10-03,Regeringen Reinfeldt,energiminister,2011-09-29
Q3562306,,Regeringen Reinfeldt,digitaliseringsminister,2010-10-05
Q3562306,,Regeringen Reinfeldt,energiminister,2011-09-29
Q3658738,1981-05-22,Regeringen Fälldin II,energiminister,1979-11-06
Q3658738,1981-05-22,Regeringen Fälldin II,straffrättsminister,1979-11-06
Q3658738,1982-10-08,Regeringen Fälldin II,justitieminister,1981-05-05
Q3658738,1982-10-08,Regeringen Fälldin III,justitieminister,1981-05-05
Q3658738,,Regeringen Fälldin II,energiminister,
Q3658738,,Regeringen Fälldin II,justitieminister,1981-05-05
Q3658738,,Regeringen Fälldin II,straffrättsminister,
Q3658738,,Regeringen Fälldin III,justitieminister,
Q3742570,1978-10-18,Regeringen Fälldin I,kommunminister,1976-10-08
Q3742570,1978-10-18,Regeringen Fälldin I,minister för nordiskt samarbete,1976-10-08
Q3742570,1978-10-18,Regeringen Fälldin I,samfundsminister,1976-10-08
Q3742570,,Regeringen Fälldin I,kommunminister,
Q3742570,,Regeringen Fälldin I,minister för nordiskt samarbete,
Q3742570,,Regeringen Fälldin I,samfundsminister,
Q3893038,1923-04-19,Regeringen Branting II,socialminister,1921-10-13
Q3893038,,Regeringen Branting II,socialminister,
Q4098206,1982-12-31,Regeringen Palme II,handelsminister,1982-10-08
Q4098206,1982-12-31,Regeringen Palme II,handelsminister,
Q4098206,1985-10-17,Regeringen Palme II,biståndsminister,
Q4098206,1985-10-17,Regeringen Palme II,utrikesminister,1982-10-08
Q4098206,1985-10-17,Regeringen Palme II,utrikesminister,
Q4098206,1989-01-29,Regeringen Carlsson I,utbildningsminister,1985-10-17
Q4098206,1989-01-29,Regeringen Carlsson I,utbildningsminister,
Q4098206,1989-01-29,Regeringen Palme II,utbildningsminister,1985-10-17
Q4098206,,Regeringen Palme II,utbildningsminister,1985-10-16
Q4126210,1996-02-05,Regeringen Carlsson III,näringsminister,1994-10-07
Q4126210,1996-02-05,Regeringen Carlsson III,näringsminister,
Q429001,2014-10-03,Regeringen Reinfeldt,EU-minister,2010-02-02
Q429001,2014-10-03,Regeringen Reinfeldt,demokratiminister,2010-10-05
Q429001,2014-10-03,Regeringen Reinfeldt,konsumentminister,2010-10-05
Q429001,,Regeringen Reinfeldt,EU-minister,2010-02-02
Q429001,,Regeringen Reinfeldt,demokratiminister,2010-10-05
Q4352320,1982-10-08,Regeringen Fälldin III,jordbruksminister,1982-10-04
Q4352320,1982-10-08,Regeringen Fälldin III,kommunikationsminister,1981-05-22
Q4352320,,Regeringen Fälldin III,infrastrukturminister,
Q4352320,,Regeringen Fälldin III,landsbygdsminister,1982-10-04
Q4353489,1943-08-30,Regeringen Hansson II,justitieminister,1936-09-28
Q4353489,1943-08-30,Regeringen Hansson III,justitieminister,1936-09-28
Q4353489,1943-08-30,Regeringen Hansson III,justitieminister,
Q4353489,,Regeringen Hansson II,justitieminister,
Q4356302,1990-02-27,Regeringen Carlsson I,energiminister,1982-10-08
Q4356302,1990-02-27,Regeringen Palme II,energiminister,1982-10-08
Q4356302,1991-10-04,Regeringen Carlsson I,miljöminister,1986-03-12
Q4356302,1991-10-04,Regeringen Carlsson II,miljöminister,1986-03-12
Q4356302,,Regeringen Carlsson I,energiminister,
Q4356302,,Regeringen Carlsson I,miljöminister,
Q4356302,,Regeringen Carlsson II,miljöminister,
Q4356302,,Regeringen Palme II,energiminister,
Q439393,2014-10-03,Regeringen Reinfeldt,näringsminister,2011-09-23
Q439393,,Regeringen Reinfeldt,näringsminister,2011-09-29
Q445997,2010-10-05,Regeringen Reinfeldt,minister för nordiskt samarbete,2006-10-06
Q445997,2010-10-05,Regeringen Reinfeldt,socialförsäkringsminister,2006-10-06
Q445997,2010-10-05,Regeringen Reinfeldt,socialförsäkringsminister,
Q447542,2010-10-05,Regeringen Reinfeldt,folkhälsominister,2006-10-06
Q447542,2014-10-03,Regeringen Reinfeldt,Q28184407,2010-10-05
Q447653,2006-10-16,Regeringen Reinfeldt,idrottsminister,2006-10-06
Q447653,2006-10-16,Regeringen Reinfeldt,idrottsminister,
Q447653,2006-10-16,Regeringen Reinfeldt,kulturminister,2006-10-06
Q447653,2006-10-16,Regeringen Reinfeldt,kulturminister,
Q447653,2006-10-16,Regeringen Reinfeldt,samfundsminister,2006-10-06
Q447653,2006-10-16,Regeringen Reinfeldt,samfundsminister,
Q455820,1994-10-07,Regeringen Carl Bildt,utrikesminister,1991-10-04
Q455820,,Regeringen Carl Bildt,utrikesminister,
Q4563096,2021-06-30,Regeringen Löfven II,landsbygdsminister,2019-01-21
Q4563096,,Regeringen Löfven II,landsbygdsminister,
Q4570928,1926-06-07,Regeringen Branting III,socialminister,1924-10-18
Q4570928,1938-12-16,Regeringen Hansson II,socialminister,1936-09-28
Q4570928,1938-12-16,Regeringen Hansson II,socialminister,
Q4570928,1939-12-13,Regeringen Hansson II,handelsminister,1938-12-16
Q4570928,1951-10-01,Regeringen Erlander I,socialminister,1939-12-13
Q4570928,1951-10-01,Regeringen Hansson III,socialminister,1939-12-13
Q4570928,1951-10-01,Regeringen Hansson IV,socialminister,1939-12-13
Q4570928,,Regeringen Branting III,socialminister,
Q4570928,,Regeringen Erlander I,socialminister,
Q4570928,,Regeringen Hansson II,handelsminister,1938-12-16
Q4570928,,Regeringen Hansson III,socialminister,
Q4570928,,Regeringen Hansson IV,socialminister,
Q457877,2014-10-03,Regeringen Reinfeldt,handelsminister,2007-09-12
Q457877,2014-10-03,Regeringen Reinfeldt,minister för nordiskt samarbete,2010-10-05
Q457877,,Regeringen Reinfeldt,handelsminister,2007-09-12
Q458162,2013-09-17,Regeringen Reinfeldt,biståndsminister,2006-10-06
Q458162,2013-09-17,Regeringen Reinfeldt,biståndsminister,
Q4588714,2014-10-03,Regeringen Reinfeldt,integrationsminister,2010-10-05
Q4588714,,Regeringen Reinfeldt,integrationsminister,2010-10-05
Q459226,1986-10-10,Regeringen Carlsson I,invandrarminister,1982-10-08
Q459226,1986-10-10,Regeringen Carlsson I,invandrarminister,
Q459226,1986-10-10,Regeringen Carlsson I,jämställdhetsminister,1982-10-08
Q459226,1986-10-10,Regeringen Carlsson I,jämställdhetsminister,
Q459226,1986-10-10,Regeringen Palme II,invandrarminister,1982-10-08
Q459226,1986-10-10,Regeringen Palme II,jämställdhetsminister,1982-10-08
Q459226,1991-10-04,Regeringen Carlsson I,utrikeshandelsminister,1986-10-10
Q459226,1991-10-04,Regeringen Carlsson II,utrikeshandelsminister,1986-10-10
Q459226,,Regeringen Carlsson I,utrikeshandelsminister,1986-10-10
Q459226,,Regeringen Carlsson II,utrikeshandelsminister,
Q459226,,Regeringen Palme II,invandrarminister,
Q459226,,Regeringen Palme II,jämställdhetsminister,
Q460919,1985-10-16,Regeringen Palme II,utbildningsminister,1982-10-08
Q460919,1985-10-16,Regeringen Palme II,utbildningsminister,
Q460919,1990-02-27,Regeringen Carlsson I,Statsministerns ställföretädare,1990-02-16
Q460919,1991-10-04,Regeringen Carlsson I,biståndsminister,1985-10-17
Q460919,1991-10-04,Regeringen Carlsson II,biståndsminister,1985-10-17
Q460919,1991-10-04,Regeringen Palme II,biståndsminister,1985-10-17
Q460919,1998-10-07,Regeringen Carlsson III,utrikesminister,1994-10-07
Q460919,1998-10-07,Regeringen Persson,utrikesminister,1994-10-07
Q460919,1998-10-07,Regeringen Persson,utrikesminister,
Q460919,2000-10-16,Regeringen Persson,justitieminister,2000-09-21
Q460919,2002-10-21,Regeringen Persson,Statsministerns ställföretädare,1995-11-17
Q460919,2002-10-21,Regeringen Persson,försvarsminister,2002-09-30
Q460919,,Regeringen Carlsson I,biståndsminister,
Q460919,,Regeringen Carlsson II,biståndsminister,
Q460919,,Regeringen Carlsson III,utrikesminister,
Q460919,,Regeringen Palme I,skolminister,1974-01-04
Q460919,,Regeringen Palme II,biståndsminister,1985-10-17
Q4609816,2019-01-21,Regeringen Löfven I,landsbygdsminister,2014-10-03
Q4609816,,Regeringen Löfven I,landsbygdsminister,
Q468538,1978-10-18,Regeringen Fälldin I,utrikesminister,1976-10-08
Q468538,1982-10-08,Regeringen Fälldin II,socialminister,1979-10-12
Q468538,1982-10-08,Regeringen Fälldin III,socialminister,1979-10-12
Q468538,,Regeringen Fälldin I,utrikesminister,
Q468538,,Regeringen Fälldin II,socialminister,
Q468538,,Regeringen Fälldin III,socialminister,
Q470630,2019-01-21,Regeringen Löfven I,bostadsminister,2016-05-25
Q470630,2019-01-21,Regeringen Löfven I,digitaliseringsminister,2016-05-25
Q470630,2020-12-17,Regeringen Löfven II,biståndsminister,2019-01-21
Q470630,,Regeringen Löfven I,bostadsminister,2016-05-25
Q470630,,Regeringen Löfven I,digitaliseringsminister,2016-05-25
Q470630,,Regeringen Löfven II,biståndsminister,
Q4710223,1938-12-16,Regeringen Hansson II,infrastrukturminister,
Q4710223,1938-12-16,Regeringen Hansson II,kommunikationsminister,1936-09-28
Q4710223,1939-12-13,Regeringen Hansson II,socialminister,1938-12-16
Q4710223,,Regeringen Hansson II,socialminister,1938-12-16
Q4723287,1920-03-10,Regeringen Edén,landsbygdsminister,1917-10-19
Q4723287,,Regeringen Edén,landsbygdsminister,
Q4725739,2019-01-21,Regeringen Löfven I,demokratiminister,2014-10-03
Q4725739,2019-01-21,Regeringen Löfven I,kulturminister,2014-10-03
Q4725739,2019-01-21,Regeringen Löfven I,samfundsminister,2014-10-03
Q4725739,,Regeringen Löfven I,demokratiminister,
Q4725739,,Regeringen Löfven I,kulturminister,
Q4725739,,Regeringen Löfven I,samfundsminister,
Q4730772,1991-10-04,Regeringen Carlsson II,finansminister,1990-02-27
Q4730772,,Regeringen Carlsson II,finansminister,
Q4731015,1951-10-01,Regeringen Erlander I,försvarsminister,1945-07-31
Q4731015,1951-10-01,Regeringen Hansson IV,försvarsminister,1945-07-31
Q4731015,,Regeringen Erlander I,försvarsminister,
Q4731015,,Regeringen Hansson IV,försvarsminister,
Q4753755,1978-10-18,Regeringen Fälldin I,jordbruksminister,1976-10-08
Q4753755,1982-10-04,Regeringen Fälldin II,jordbruksminister,1979-10-12
Q4753755,1982-10-04,Regeringen Fälldin III,jordbruksminister,1979-10-12
Q4753755,1982-10-04,Regeringen Fälldin III,landsbygdsminister,
Q4753755,,Regeringen Fälldin I,landsbygdsminister,
Q4753755,,Regeringen Fälldin II,försvarsminister,1981-05-05
Q4753755,,Regeringen Fälldin II,landsbygdsminister,
Q4787806,2019-09-30,Regeringen Löfven I,civilminister,2014-10-03
Q4787806,2019-09-30,Regeringen Löfven II,civilminister,2014-10-03
Q4787806,2019-10-01,Regeringen Löfven II,civilminister,
Q4787806,,Regeringen Andersson,socialförsäkringsminister,2019-10-01
Q4787806,,Regeringen Andersson,socialförsäkringsminister,
Q4787806,,Regeringen Löfven I,civilminister,
Q4787806,,Regeringen Löfven II,socialförsäkringsminister,2019-10-01
Q4787806,,Regeringen Löfven III,socialförsäkringsminister,2019-10-01
Q4787806,,Regeringen Löfven III,socialförsäkringsminister,
Q4822657,2016-04-18,Regeringen Löfven I,bostadsminister,2014-10-03
Q4822657,2016-04-18,Regeringen Löfven I,bostadsminister,
Q4822657,2016-04-18,Regeringen Löfven I,digitaliseringsminister,2014-10-03
Q4822657,2016-04-18,Regeringen Löfven I,digitaliseringsminister,
Q4891887,2004-10-01,Regeringen Persson,biträdande socialminister,2002-10-21
Q4891887,2006-10-06,Regeringen Persson,minister för nordiskt samarbete,2002-10-21
Q4891887,2006-10-06,Regeringen Persson,socialminister,2004-10-01
Q4891887,,Regeringen Persson,minister för nordiskt samarbete,2002-10-21
Q4891887,,Regeringen Persson,socialminister,2004-10-01
Q4894168,1920-07-01,Regeringen Branting I,sjöförsvarsminister,1920-03-10
Q4894168,1920-07-01,Regeringen Branting I,sjöförsvarsminister,
Q4894168,1920-10-27,Regeringen Branting I,socialminister,1920-07-01
Q4894168,,Regeringen Branting I,socialminister,1920-07-01
Q490785,1994-10-07,Regeringen Carl Bildt,försvarsminister,1991-10-04
Q490785,,Regeringen Carl Bildt,försvarsminister,
Q4916267,1982-10-08,Regeringen Fälldin I,bostadsminister,1978-10-18
Q4916267,1982-10-08,Regeringen Ullsten,bostadsminister,1978-10-18
Q4916267,1991-11-30,Regeringen Carl Bildt,bostadsminister,
Q4916267,1991-12-31,Regeringen Carl Bildt,bostadsminister,1991-10-04
Q4916267,1993-01-01,Regeringen Carl Bildt,jämställdhetsminister,1991-12-01
Q4916267,1994-10-07,Regeringen Carl Bildt,invandrarminister,1991-10-04
Q4916267,1994-10-07,Regeringen Carl Bildt,kulturminister,1991-10-04
Q4916267,,Regeringen Carl Bildt,invandrarminister,1991-12-01
Q4916267,,Regeringen Carl Bildt,kulturminister,1991-12-01
Q4916267,,Regeringen Fälldin I,Biträdande bostadsminister,
Q4916267,,Regeringen Fälldin I,konsultativt statsråd,
Q4916267,,Regeringen Fälldin II,bostadsminister,
Q4916267,,Regeringen Fälldin III,bostadsminister,
Q4916267,,Regeringen Ullsten,bostadsminister,
Q4931118,1994-10-07,Regeringen Carl Bildt,sjukvårdsminister,1991-10-04
Q4931118,1994-10-07,Regeringen Carl Bildt,socialförsäkringsminister,1991-10-04
Q4931118,,Regeringen Carl Bildt,sjukvårdsminister,
Q4931118,,Regeringen Carl Bildt,socialförsäkringsminister,
Q4934607,1982-10-08,Regeringen Fälldin III,sjukvårdsminister,1981-05-22
Q4934607,,Regeringen Fälldin III,sjukvårdsminister,
Q4935873,2021-11-30,Regeringen Löfven I,finansminister,2014-10-03
Q4935873,2021-11-30,Regeringen Löfven II,finansminister,2014-10-03
Q4935873,2021-11-30,Regeringen Löfven III,finansminister,2014-10-03
Q4935873,,Regeringen Andersson,statsminister,
Q4935873,,Regeringen Löfven I,finansminister,
Q4935873,,Regeringen Löfven II,finansminister,
Q4935873,,Regeringen Löfven III,finansminister,
Q4944305,1994-10-07,Regeringen Carl Bildt,civilminister,1991-10-21
Q4944305,1994-10-07,Regeringen Carl Bildt,konsumentminister,1991-10-04
Q4944305,1994-10-07,Regeringen Carl Bildt,samfundsminister,1991-10-04
Q4944305,1994-10-07,Regeringen Carl Bildt,ungdomsminister,1991-10-04
Q4944305,,Regeringen Carl Bildt,civilminister,
Q4944305,,Regeringen Carl Bildt,samfundsminister,
Q4944305,,Regeringen Carl Bildt,ungdomsminister,
Q4946204,2019-01-21,Regeringen Löfven I,ungdomsminister,2016-09-13
Q4946204,,Regeringen Andersson,utbildningsminister,2019-01-21
Q4946204,,Regeringen Andersson,utbildningsminister,
Q4946204,,Regeringen Löfven I,skolminister,2016-09-13
Q4946204,,Regeringen Löfven I,ungdomsminister,2016-09-13
Q4946204,,Regeringen Löfven II,utbildningsminister,2019-01-21
Q4946204,,Regeringen Löfven II,utbildningsminister,
Q4946204,,Regeringen Löfven III,utbildningsminister,2019-01-21
Q4946204,,Regeringen Löfven III,utbildningsminister,
Q4949040,2019-01-21,Regeringen Löfven I,migrationsminister,2017-07-27
Q4949040,,Regeringen Löfven I,migrationsminister,2017-07-27
Q4953085,1996-03-22,Regeringen Carlsson III,socialförsäkringsminister,1994-10-07
Q4953085,,Regeringen Carlsson III,sjukvårdsminister,
Q4953463,2016-09-13,Regeringen Löfven I,skolminister,2016-08-15
Q4953463,2016-09-13,Regeringen Löfven I,ungdomsminister,2016-08-15
Q4953463,2019-01-21,Regeringen Löfven I,högskoleminister,2014-10-03
Q4953463,,Regeringen Löfven I,högskoleminister,
Q4954452,1981-05-05,Regeringen Fälldin II,sjukvårdsminister,1979-10-12
Q4954452,,Regeringen Fälldin II,sjukvårdsminister,
Q4956893,2017-07-27,Regeringen Löfven I,infrastrukturminister,2014-10-03
Q4956893,2017-07-27,Regeringen Löfven I,infrastrukturminister,
Q4959140,1998-11-16,Regeringen Persson,socialminister,1998-10-26
Q4959140,1999-09-14,Regeringen Persson,socialförsäkringsminister,1996-03-22
Q4959140,1999-09-14,Regeringen Persson,socialförsäkringsminister,
Q4959140,2001-11-16,Regeringen Persson,biståndsminister,1999-09-14
Q4959140,2001-11-16,Regeringen Persson,migrationsminister,1999-09-14
Q4959336,1948-10-28,Regeringen Erlander I,konsultativt statsråd,1947-04-11
Q4959336,1949-12-31,Regeringen Erlander I,folkhushållningsminister,1948-10-29
Q4961261,1994-10-07,Regeringen Carl Bildt,biträdande justitieminister,1991-10-04
Q4961261,,Regeringen Carl Bildt,biträdande justitieminister,
Q4961658,2002-10-15,Regeringen Persson,demokratiminister,1998-10-07
Q4961658,2002-10-15,Regeringen Persson,konsumentminister,1998-10-07
Q4961658,2002-10-15,Regeringen Persson,ungdomsminister,2000-10-16
Q4962326,1979-10-12,Regeringen Ullsten,sjukvårdsminister,1978-10-18
Q4962326,,Regeringen Ullsten,sjukvårdsminister,
Q4964703,1991-10-04,Regeringen Carlsson I,invandrarminister,1989-01-29
Q4964703,1991-10-04,Regeringen Carlsson I,jämställdhetsminister,1989-01-29
Q4964703,1991-10-04,Regeringen Carlsson II,invandrarminister,1989-01-29
Q4964703,1991-10-04,Regeringen Carlsson II,jämställdhetsminister,1989-01-29
Q4964703,,Regeringen Carlsson I,invandrarminister,1989-01-29
Q4964703,,Regeringen Carlsson I,jämställdhetsminister,1989-01-29
Q4964703,,Regeringen Carlsson II,invandrarminister,
Q4964703,,Regeringen Carlsson II,jämställdhetsminister,
Q496604,2011-09-29,Regeringen Reinfeldt,miljöminister,2006-10-06
Q496604,2011-09-29,Regeringen Reinfeldt,miljöminister,
Q4967115,1998-10-07,Regeringen Persson,arbetsrättsminister,1996-03-22
Q4967115,1998-10-07,Regeringen Persson,arbetsrättsminister,
Q4967115,1998-10-07,Regeringen Persson,jämställdhetsminister,1996-03-22
Q4967115,1998-10-07,Regeringen Persson,jämställdhetsminister,
Q4967115,2000-10-21,Regeringen Persson,idrottsminister,1998-10-07
Q4967115,2000-10-21,Regeringen Persson,integrationsminister,1998-10-07
Q4967115,2000-10-21,Regeringen Persson,ungdomsminister,1998-10-07
Q4967115,2006-10-06,Regeringen Persson,infrastrukturminister,2002-10-16
Q4967115,,Regeringen Persson,infrastrukturminister,2000-10-21
Q4967237,2021-11-30,Regeringen Löfven II,civilminister,2019-10-01
Q4967237,2021-11-30,Regeringen Löfven III,civilminister,2019-10-01
Q4967237,,Regeringen Löfven II,civilminister,2019-10-01
Q4967237,,Regeringen Löfven III,civilminister,
Q4967758,1978-10-18,Regeringen Fälldin I,skolminister,1976-10-08
Q4967758,1981-05-05,Regeringen Fälldin II,skolminister,1979-10-12
Q4967758,,Regeringen Fälldin I,skolminister,
Q4967758,,Regeringen Fälldin II,skolminister,
Q4970111,,Regeringen Andersson,arbetsmarknadsminister,2019-09-10
Q4970111,,Regeringen Andersson,arbetsmarknadsminister,
Q4970111,,Regeringen Löfven II,arbetsmarknadsminister,2019-09-10
Q4970111,,Regeringen Löfven III,arbetsmarknadsminister,2019-09-10
Q4970111,,Regeringen Löfven III,arbetsmarknadsminister,
Q4970543,1951-10-01,Regeringen Erlander I,ecklesiastikminister,1951-03-17
Q4970543,,Regeringen Erlander I,ecklesiastikminister,1951-03-17
Q4970788,1973-11-03,Regeringen Palme I,invandrarminister,1967-01-09
Q4970788,1973-11-03,Regeringen Palme I,invandrarminister,
Q4970788,1973-11-03,Regeringen Palme I,ungdomsminister,1969-10-14
Q4970788,1973-11-03,Regeringen Palme I,ungdomsminister,
Q4971112,1978-10-18,Regeringen Fälldin I,bostadsminister,1976-10-08
Q4971112,,Regeringen Fälldin I,bostadsminister,
Q4972535,2016-05-25,Regeringen Löfven I,minister för nordiskt samarbete,2014-10-03
Q4972535,2016-05-25,Regeringen Löfven I,minister för nordiskt samarbete,
Q4975172,1979-10-12,Regeringen Ullsten,skolminister,1978-10-18
Q4975172,,Regeringen Ullsten,skolminister,
Q4978577,1976-10-08,Regeringen Palme I,biståndsminister,1973-11-03
Q4978577,1985-09-30,Regeringen Palme II,sjukvårdsminister,
Q4978577,1985-10-16,Regeringen Palme II,sjukvårdsminister,1982-10-08
Q4978577,1989-01-29,Regeringen Carlsson I,socialminister,1985-10-16
Q4978577,1989-01-29,Regeringen Carlsson I,socialminister,
Q4978577,1989-01-29,Regeringen Palme II,socialminister,1985-10-16
Q4978577,,Regeringen Palme I,biståndsminister,1973-11-03
Q4978577,,Regeringen Palme II,socialminister,1985-10-16
Q4979119,2019-01-21,Regeringen Löfven I,miljöminister,2016-05-25
Q4979119,,Regeringen Löfven I,miljöminister,2016-05-25
Q4980750,2017-07-27,Regeringen Löfven I,socialförsäkringsminister,
Q4980750,2019-01-21,Regeringen Löfven I,socialminister,2017-07-27
Q4980750,2019-10-01,Regeringen Löfven I,socialförsäkringsminister,2014-10-03
Q4980750,2019-10-01,Regeringen Löfven II,socialförsäkringsminister,2014-10-03
Q4980750,2019-10-01,Regeringen Löfven II,socialförsäkringsminister,
Q4980750,,Regeringen Andersson,miljöminister,
Q4980750,,Regeringen Löfven I,socialminister,2017-07-27
Q4981393,2014-10-03,Regeringen Reinfeldt,arbetsmarknadsminister,2013-09-17
Q4981393,,Regeringen Reinfeldt,arbetsmarknadsminister,2013-09-17
Q4982419,1989-01-29,Regeringen Carlsson I,jämställdhetsminister,1987-10-19
Q4982419,1990-01-11,Regeringen Carlsson I,arbetsmarknadsminister,1987-10-19
Q4982419,1991-10-04,Regeringen Carlsson I,socialminister,1990-01-11
Q4982419,1991-10-04,Regeringen Carlsson II,socialminister,1990-01-11
Q4982419,1996-03-22,Regeringen Carlsson III,socialminister,1994-10-07
Q4982419,2002-10-10,Regeringen Persson,socialförsäkringsminister,1999-09-14
Q4982419,,Regeringen Carlsson I,socialminister,1990-01-11
Q4982419,,Regeringen Carlsson II,socialminister,
Q4982419,,Regeringen Carlsson III,socialminister,
Q4982419,,Regeringen Persson,socialförsäkringsminister,1999-09-14
Q4982742,1994-06-16,Regeringen Carl Bildt,planminister,1991-10-04
Q4982742,1994-06-16,Regeringen Carl Bildt,planminister,
Q4982742,1994-10-02,Regeringen Carl Bildt,miljöminister,1994-06-16
Q4982742,1994-10-03,Regeringen Carl Bildt,miljöminister,1994-06-16
Q4982841,1982-10-08,Regeringen Fälldin III,skolminister,1981-05-22
Q4982841,1982-10-08,Regeringen Fälldin III,ungdomsminister,1981-05-22
Q4982841,,Regeringen Fälldin III,skolminister,
Q4982841,,Regeringen Fälldin III,ungdomsminister,
Q4984124,1998-10-06,Regeringen Persson,infrastrukturminister,
Q4984124,1998-10-07,Regeringen Carlsson III,kommunikationsminister,1994-10-07
Q4984124,1998-10-07,Regeringen Persson,kommunikationsminister,1994-10-07
Q4984124,,Regeringen Carlsson III,infrastrukturminister,
Q4987638,1979-10-12,Regeringen Ullsten,kommunikationsminister,1978-10-18
Q4987638,,Regeringen Ullsten,infrastrukturminister,
Q4990079,1979-10-12,Regeringen Ullsten,löneminister,1978-10-18
Q4990079,,Regeringen Ullsten,löneminister,
Q4990642,1979-10-12,Regeringen Ullsten,invandrarminister,1978-10-18
Q4990642,1979-10-12,Regeringen Ullsten,jämställdhetsminister,1978-10-18
Q4990642,,Regeringen Ullsten,invandrarminister,
Q4990642,,Regeringen Ullsten,jämställdhetsminister,
Q4990768,2002-01-16,Regeringen Persson,skolminister,1998-10-07
Q4991027,1998-10-07,Regeringen Persson,jordbruksminister,1996-03-22
Q4991027,1998-10-07,Regeringen Persson,landsbygdsminister,
Q5005171,1994-10-07,Regeringen Carl Bildt,arbetsmarknadsminister,1991-10-04
Q5005171,1994-10-07,Regeringen Carl Bildt,minister för nordiskt samarbete,1994-06-16
Q5005171,,Regeringen Carl Bildt,arbetsmarknadsminister,
Q5005171,,Regeringen Carl Bildt,minister för nordiskt samarbete,
Q517762,1978-10-18,Regeringen Fälldin I,sjukvårdsminister,1976-10-08
Q517762,,Regeringen Fälldin I,sjukvårdsminister,
Q520223,2006-10-14,Regeringen Reinfeldt,handelsminister,2006-10-06
Q520223,2006-10-14,Regeringen Reinfeldt,handelsminister,
Q52920,,Regeringen Reinfeldt,statsminister,
Q52922,2014-10-03,Regeringen Reinfeldt,utrikesminister,2006-10-06
Q52922,,Regeringen Carl Bildt,statsminister,
Q52922,,Regeringen Reinfeldt,utrikesminister,
Q53310,,Regeringen Edén,statsminister,
Q535342,2014-10-03,Regeringen Reinfeldt,miljöminister,2011-09-29
Q535342,,Regeringen Reinfeldt,miljöminister,2011-09-29
Q5360742,1920-03-10,Regeringen Edén,justitieminister,1917-10-19
Q5360742,,Regeringen Edén,justitieminister,
Q53620,1918-01-05,Regeringen Edén,finansminister,1917-10-19
Q53620,1918-01-05,Regeringen Edén,finansminister,
Q53620,1923-04-19,Regeringen Branting II,utrikesminister,1921-10-13
Q53620,,Regeringen Branting I,statsminister,
Q53620,,Regeringen Branting II,statsminister,
Q53620,,Regeringen Branting II,utrikesminister,
Q53620,,Regeringen Branting III,statsminister,
Q53637,1920-06-30,Regeringen Branting I,konsultativt statsråd,
Q53637,1920-10-27,Regeringen Branting I,finansminister,1920-06-30
Q53637,1925-02-27,Regeringen Branting III,handelsminister,1924-10-18
Q53637,1939-12-13,Regeringen Hansson II,utrikesminister,1936-09-28
Q53637,,Regeringen Branting I,finansminister,1920-06-30
Q53637,,Regeringen Branting II,konsultativt statsråd,
Q53637,,Regeringen Branting III,handelsminister,
Q53637,,Regeringen Hansson II,utrikesminister,
Q53660,1920-07-01,Regeringen Branting I,lantförsvarsminister,1920-07-01
Q53660,1920-07-01,Regeringen Branting I,lantförsvarsminister,
Q53660,1920-10-27,Regeringen Branting I,försvarsminister,1920-07-01
Q53660,1923-04-19,Regeringen Branting II,försvarsminister,1921-10-13
Q53660,1926-06-07,Regeringen Branting III,försvarsminister,1924-10-18
Q53660,,Regeringen Branting I,försvarsminister,1920-07-01
Q53660,,Regeringen Branting II,försvarsminister,
Q53660,,Regeringen Branting III,försvarsminister,
Q53660,,Regeringen Hansson II,statsminister,
Q53660,,Regeringen Hansson III,statsminister,
Q53660,,Regeringen Hansson IV,statsminister,
Q53701,1945-07-31,Regeringen Hansson II,jordbruksminister,1936-06-19
Q53701,1945-07-31,Regeringen Hansson III,jordbruksminister,1936-06-19
Q53701,,Regeringen Hansson II,landsbygdsminister,
Q53701,,Regeringen Hansson III,landsbygdsminister,
Q53707,1945-07-31,Regeringen Hansson III,konsultativt statsråd,1944-09-30
Q53707,1946-10-11,Regeringen Hansson IV,ecklesiastikminister,1945-07-31
Q53707,,Regeringen Erlander I,statsminister,
Q53707,,Regeringen Hansson III,konsultativt statsråd,1944-09-30
Q53707,,Regeringen Hansson IV,ecklesiastikminister,
Q53713,,Regeringen Palme I,statsminister,
Q53713,,Regeringen Palme II,statsminister,
Q53721,,Regeringen Fälldin I,statsminister,
Q53721,,Regeringen Fälldin II,statsminister,
Q53721,,Regeringen Fälldin III,statsminister,
Q53733,1978-03-07,Regeringen Fälldin I,invandrarminister,1977-01-11
Q53733,1978-10-18,Regeringen Fälldin I,Statsministerns ställföretädare,1978-03-07
Q53733,1978-10-18,Regeringen Fälldin I,biståndsminister,1976-10-08
Q53733,1982-10-08,Regeringen Fälldin II,Statsministerns ställföretädare,1980-08-01
Q53733,1982-10-08,Regeringen Fälldin II,utrikesminister,1979-10-12
Q53733,1982-10-08,Regeringen Fälldin III,Statsministerns ställföretädare,1980-08-01
Q53733,1982-10-08,Regeringen Fälldin III,utrikesminister,1979-10-12
Q53733,,Regeringen Fälldin I,biståndsminister,
Q53733,,Regeringen Fälldin II,biståndsminister,
Q53733,,Regeringen Fälldin II,utrikesminister,
Q53733,,Regeringen Fälldin III,biståndsminister,
Q53733,,Regeringen Fälldin III,utrikesminister,
Q53733,,Regeringen Ullsten,statsminister,
Q537342,2006-10-06,Regeringen Persson,miljöminister,2002-10-21
Q537342,,Regeringen Persson,miljöminister,2002-10-15
Q53740,1973-11-02,Regeringen Palme I,utbildningsminister,1969-10-14
Q53740,1973-11-03,Regeringen Palme I,utbildningsminister,
Q53740,1976-10-08,Regeringen Palme I,bostadsminister,1974-01-01
Q53740,1986-02-28,Regeringen Palme II,miljöminister,1985-10-07
Q53740,1986-03-13,Regeringen Palme II,Statsministerns ställföretädare,1982-10-08
Q53740,1988-10-04,Regeringen Carlsson I,justitieminister,1988-09-30
Q53740,1988-10-04,Regeringen Carlsson I,näringsminister,1988-09-30
Q53740,,Regeringen Carlsson I,statsminister,
Q53740,,Regeringen Carlsson II,statsminister,
Q53740,,Regeringen Carlsson III,statsminister,
Q53740,,Regeringen Palme I,bostadsminister,1973-11-03
Q53740,,Regeringen Palme II,miljöminister,
Q53747,1991-10-04,Regeringen Carlsson I,skolminister,1989-01-29
Q53747,1991-10-04,Regeringen Carlsson II,skolminister,1989-01-29
Q53747,1996-03-22,Regeringen Carlsson III,finansminister,1994-10-07
Q53747,,Regeringen Carlsson I,skolminister,1989-01-29
Q53747,,Regeringen Carlsson II,skolminister,
Q53747,,Regeringen Carlsson III,finansminister,
Q53747,,Regeringen Persson,statsminister,
Q5388933,1991-10-04,Regeringen Carlsson II,budgetminister,1990-02-27
Q5388933,1999-04-12,Regeringen Persson,finansminister,1996-03-22
Q5388933,1999-04-12,Regeringen Persson,finansminister,
Q5388933,,Regeringen Carlsson II,budgetminister,
Q547534,,Regeringen Persson,försvarsminister,2002-11-03
Q547580,2006-10-06,Regeringen Persson,jordbruksminister,2002-10-21
Q547580,2006-10-06,Regeringen Persson,konsumentminister,2002-10-21
Q547580,,Regeringen Persson,landsbygdsminister,2002-10-21
Q549955,2006-10-06,Regeringen Persson,utrikesminister,2006-04-24
Q549955,,Regeringen Persson,utrikesminister,2006-04-24
Q5554248,1982-12-01,Regeringen Palme II,försvarsminister,
Q5554537,1989-01-29,Regeringen Carlsson I,invandrarminister,1986-10-10
Q5554537,1990-02-27,Regeringen Carlsson I,kommunikationsminister,1989-01-29
Q5554537,,Regeringen Carlsson I,infrastrukturminister,1989-01-29
Q5554537,,Regeringen Carlsson II,infrastrukturminister,
Q5555093,1996-03-21,Regeringen Carlsson III,bostadsminister,1994-10-07
Q5555093,1996-03-22,Regeringen Carlsson III,energiminister,1994-10-07
Q5555093,1996-03-22,Regeringen Carlsson III,näringsminister,1996-02-05
Q5555093,1996-06-30,Regeringen Persson,civilminister,
Q5555093,1998-10-06,Regeringen Persson,inrikesminister,1996-07-01
Q5555093,1998-10-07,Regeringen Persson,inrikesminister,1996-07-01
Q5555093,,Regeringen Carlsson III,bostadsminister,
Q5555093,,Regeringen Carlsson III,energiminister,
Q5555093,,Regeringen Carlsson III,näringsminister,1996-02-05
Q5556673,1945-07-31,Regeringen Hansson III,ecklesiastikminister,1944-12-15
Q5556673,,Regeringen Hansson III,ecklesiastikminister,1944-12-15
Q5561426,1976-10-08,Regeringen Palme I,socialminister,1962-09-19
Q5561426,,Regeringen Palme I,socialminister,
Q5563972,1944-12-15,Regeringen Hansson III,ecklesiastikminister,1939-12-13
Q5563972,1944-12-15,Regeringen Hansson III,ecklesiastikminister,
Q5572966,1943-08-30,Regeringen Hansson III,konsultativt statsråd,1939-12-13
Q5572966,1943-08-30,Regeringen Hansson III,konsultativt statsråd,
Q5572966,1945-07-31,Regeringen Hansson III,justitieminister,1943-08-30
Q5572966,,Regeringen Hansson III,justitieminister,1943-08-30
Q5579495,1996-03-22,Regeringen Carlsson III,arbetsrättsminister,1994-10-07
Q5579495,1996-03-22,Regeringen Carlsson III,invandrarminister,1994-10-07
Q5579495,1998-03-02,Regeringen Persson,idrottsminister,1996-03-22
Q5579495,1998-03-02,Regeringen Persson,idrottsminister,
Q5579495,1998-03-02,Regeringen Persson,integrationsminister,1996-03-22
Q5579495,1998-03-02,Regeringen Persson,integrationsminister,
Q5579495,1998-03-02,Regeringen Persson,konsumentminister,1996-03-22
Q5579495,1998-03-02,Regeringen Persson,ungdomsminister,1996-03-22
Q5579495,1998-03-02,Regeringen Persson,ungdomsminister,
Q5579495,,Regeringen Carlsson III,arbetsrättsminister,
Q5579495,,Regeringen Carlsson III,invandrarminister,
Q5581337,2016-05-25,Regeringen Löfven I,bostadsminister,2016-04-18
Q5581337,2016-05-25,Regeringen Löfven I,digitaliseringsminister,2016-04-18
Q5581337,2019-01-21,Regeringen Löfven I,konsumentminister,2014-10-03
Q5581337,2021-02-05,Regeringen Löfven I,finansmarknadsminister,2014-10-03
Q5581337,2021-02-05,Regeringen Löfven II,bostadsminister,2019-01-21
Q5581337,2021-02-05,Regeringen Löfven II,finansmarknadsminister,2014-10-03
Q5581337,2021-11-30,Regeringen Löfven II,Klimatminister,2021-02-05
Q5581337,2021-11-30,Regeringen Löfven II,miljöminister,2021-02-05
Q5581337,2021-11-30,Regeringen Löfven III,Klimatminister,2021-02-05
Q5581337,2021-11-30,Regeringen Löfven III,miljöminister,2021-02-05
Q5581337,,Regeringen Löfven I,finansmarknadsminister,
Q5581337,,Regeringen Löfven II,bostadsminister,
Q5581337,,Regeringen Löfven II,finansmarknadsminister,
Q5581337,,Regeringen Löfven III,miljöminister,
Q5581337,,Regeringen Löfven III,vice statsminister,
Q5582047,1982-10-08,Regeringen Fälldin II,kommunminister,1979-10-12
Q5582047,1982-10-08,Regeringen Fälldin II,samfundsminister,1979-10-12
Q5582047,1982-10-08,Regeringen Fälldin III,kommunminister,1979-10-12
Q5582047,1982-10-08,Regeringen Fälldin III,samfundsminister,1979-10-12
Q5582047,,Regeringen Fälldin II,kommunminister,
Q5582047,,Regeringen Fälldin II,samfundsminister,
Q5582047,,Regeringen Fälldin III,kommunminister,
Q5582047,,Regeringen Fälldin III,samfundsminister,
Q5583208,1983-01-17,Regeringen Palme II,försvarsminister,1982-12-01
Q5583208,1985-01-01,Regeringen Palme II,kommunikationsminister,1982-01-01
Q5583208,1985-06-30,Regeringen Palme II,infrastrukturminister,
Q5590197,1978-10-18,Regeringen Fälldin I,handelsminister,1976-10-08
Q5590197,1981-05-05,Regeringen Fälldin II,handelsminister,1979-10-12
Q5590197,1981-05-05,Regeringen Fälldin II,handelsminister,
Q5590197,1981-05-05,Regeringen Fälldin II,minister för nordiskt samarbete,1979-10-12
Q5590197,1981-05-05,Regeringen Fälldin II,minister för nordiskt samarbete,
Q5590197,,Regeringen Fälldin I,handelsminister,
Q5603378,1985-09-30,Regeringen Palme II,biträdande industriminister,1982-10-08
Q5603378,1985-10-17,Regeringen Palme II,infrastrukturminister,1985-07-01
Q5603378,1985-10-17,Regeringen Palme II,kommunikationsminister,1985-07-01
Q5603378,1991-10-04,Regeringen Carlsson I,försvarsminister,1985-10-14
Q5603378,1991-10-04,Regeringen Carlsson II,försvarsminister,1985-10-14
Q5603378,1991-10-04,Regeringen Palme II,försvarsminister,1985-10-14
Q5603378,,Regeringen Carlsson I,försvarsminister,
Q5603378,,Regeringen Carlsson II,försvarsminister,
Q5603378,,Regeringen Palme II,biträdande industriminister,
Q5603378,,Regeringen Palme II,försvarsminister,1985-10-14
Q5604013,1979-10-12,Regeringen Ullsten,handelsminister,1978-10-18
Q5604013,,Regeringen Ullsten,handelsminister,
Q5615474,2021-07-09,Regeringen Löfven II,EU-minister,2019-01-21
Q5615474,,Regeringen Andersson,EU-minister,2021-07-09
Q5615474,,Regeringen Andersson,EU-minister,
Q5615474,,Regeringen Löfven II,EU-minister,
Q5615474,,Regeringen Löfven III,EU-minister,2021-07-09
Q5615474,,Regeringen Löfven III,EU-minister,
Q5616559,1981-05-05,Regeringen Fälldin II,planminister,1979-10-12
Q5616559,,Regeringen Fälldin II,planminister,
Q5616687,1952-01-01,Regeringen Erlander I,konsultativt statsråd,1944-01-01
Q5616687,1952-01-01,Regeringen Hansson III,konsultativt statsråd,1944-01-01
Q5616687,1952-01-01,Regeringen Hansson IV,konsultativt statsråd,1944-01-01
Q5616687,,Regeringen Erlander I,konsultativt statsråd,
Q5616687,,Regeringen Hansson III,konsultativt statsråd,1944-09-30
Q5616687,,Regeringen Hansson IV,konsultativt statsråd,
Q5618676,,Regeringen Ullsten,försvarsminister,
Q5619043,,Regeringen Hansson II,konsultativt statsråd,1939-10-14
Q5619080,2004-10-21,Regeringen Persson,finansmarknadsminister,2002-10-21
Q5622212,1994-10-07,Regeringen Carl Bildt,EU-minister,1991-10-04
Q5622212,1994-10-07,Regeringen Carl Bildt,utrikeshandelsminister,1991-10-04
Q5622212,,Regeringen Carl Bildt,EU-minister,
Q5622212,,Regeringen Carl Bildt,utrikeshandelsminister,
Q5623378,1941-01-01,Regeringen Hansson III,handelsminister,1939-01-01
Q5623378,1941-03-07,Regeringen Hansson III,handelsminister,
Q5623378,1944-09-30,Regeringen Hansson III,konsultativt statsråd,1941-03-07
Q5623378,1945-01-01,Regeringen Hansson III,kommunikationsminister,1944-01-01
Q5623378,,Regeringen Hansson III,infrastrukturminister,1944-09-30
Q5650283,2006-10-06,Regeringen Persson,arbetsmarknadsminister,2002-10-21
Q5708784,1982-10-08,Regeringen Fälldin II,arbetsmarknadsminister,1980-07-31
Q5708784,1982-10-08,Regeringen Fälldin III,arbetsmarknadsminister,1980-07-31
Q5708784,1982-10-08,Regeringen Fälldin III,energiminister,1981-05-22
Q5708784,,Regeringen Fälldin II,arbetsmarknadsminister,1980-07-31
Q5708784,,Regeringen Fälldin III,arbetsmarknadsminister,
Q5708784,,Regeringen Fälldin III,energiminister,
Q5711551,,Regeringen Andersson,infrastrukturminister,2017-07-27
Q5711551,,Regeringen Andersson,infrastrukturminister,
Q5711551,,Regeringen Löfven I,infrastrukturminister,2017-07-27
Q5711551,,Regeringen Löfven II,infrastrukturminister,2017-07-27
Q5711551,,Regeringen Löfven II,infrastrukturminister,
Q5711551,,Regeringen Löfven III,infrastrukturminister,2017-07-27
Q5711551,,Regeringen Löfven III,infrastrukturminister,
Q5711655,,Regeringen Hansson II,ecklesiastikminister,
Q5713152,1990-02-16,Regeringen Carlsson I,budgetminister,1988-10-04
Q5713152,1990-02-27,Regeringen Carlsson I,finansminister,1990-02-16
Q5713152,1991-10-04,Regeringen Carlsson II,Statsministerns ställföretädare,1990-02-27
Q5713152,,Regeringen Carlsson I,budgetminister,1988-10-04
Q5713152,,Regeringen Carlsson I,finansminister,1990-02-16
Q5713444,1979-10-12,Regeringen Ullsten,jordbruksminister,1978-10-18
Q5713444,,Regeringen Ullsten,landsbygdsminister,
Q5715273,1948-10-28,Regeringen Erlander I,konsultativt statsråd,1945-07-31
Q5715273,1948-10-28,Regeringen Erlander I,konsultativt statsråd,
Q5715273,1948-10-28,Regeringen Hansson IV,konsultativt statsråd,1945-07-31
Q5715273,1950-06-30,Regeringen Erlander I,folkhushållningsminister,1950-01-01
Q5715273,1955-09-12,Regeringen Erlander I,handelsminister,1948-10-28
Q5715273,,Regeringen Erlander I,folkhushållningsminister,1950-01-01
Q5715273,,Regeringen Erlander I,handelsminister,1948-09-24
Q5715273,,Regeringen Hansson IV,konsultativt statsråd,
Q5716548,1939-10-14,Regeringen Hansson II,konsultativt statsråd,1938-08-31
Q5716548,1939-10-14,Regeringen Hansson II,konsultativt statsråd,1938-09-01
Q5716548,1941-03-07,Regeringen Hansson II,folkhushållningsminister,1939-10-15
Q5716548,1941-03-07,Regeringen Hansson III,folkhushållningsminister,1939-10-15
Q5716548,1941-03-07,Regeringen Hansson III,folkhushållningsminister,
Q5716548,1944-09-30,Regeringen Hansson III,handelsminister,1941-03-07
Q5716548,,Regeringen Hansson II,folkhushållningsminister,1939-10-15
Q571725,1994-10-07,Regeringen Carl Bildt,kommunikationsminister,1991-10-04
Q571725,2010-10-05,Regeringen Reinfeldt,bostadsminister,2006-10-06
Q571725,2010-10-05,Regeringen Reinfeldt,finansmarknadsminister,2006-10-06
Q571725,2010-10-05,Regeringen Reinfeldt,finansmarknadsminister,
Q571725,2010-10-05,Regeringen Reinfeldt,kommunminister,2006-10-06
Q571725,,Regeringen Carl Bildt,infrastrukturminister,
Q5721610,,Regeringen Hansson III,konsultativt statsråd,
Q5777699,1976-10-08,Regeringen Palme I,kommunminister,1974-01-01
Q5777699,1976-10-08,Regeringen Palme I,samfundsminister,1973-11-03
Q5777699,1988-10-04,Regeringen Carlsson I,bostadsminister,1982-10-08
Q5777699,1988-10-04,Regeringen Carlsson I,bostadsminister,
Q5777699,1988-10-04,Regeringen Palme II,bostadsminister,1982-10-08
Q5777699,,Regeringen Palme I,civilminister,1973-11-03
Q5777699,,Regeringen Palme I,kommunminister,1974-01-01
Q5777699,,Regeringen Palme I,samfundsminister,1973-11-03
Q5777699,,Regeringen Palme II,bostadsminister,
Q5777713,1976-10-08,Regeringen Palme I,samfundsminister,1973-11-03
Q5778433,1978-10-18,Regeringen Fälldin I,socialminister,1976-10-08
Q5778433,,Regeringen Fälldin I,socialminister,
Q5780291,1989-01-29,Regeringen Carlsson I,skolminister,
Q5780291,1989-01-30,Regeringen Carlsson I,skolminister,1982-10-08
Q5780291,1989-01-30,Regeringen Palme II,skolminister,1982-10-08
Q5780291,1991-10-04,Regeringen Carlsson I,kulturminister,1982-10-08
Q5780291,1991-10-04,Regeringen Carlsson I,utbildningsminister,1989-01-30
Q5780291,1991-10-04,Regeringen Carlsson II,kulturminister,1982-10-08
Q5780291,1991-10-04,Regeringen Carlsson II,utbildningsminister,1989-01-30
Q5780291,1991-10-04,Regeringen Palme II,kulturminister,1982-10-08
Q5780291,,Regeringen Carlsson I,kulturminister,
Q5780291,,Regeringen Carlsson I,utbildningsminister,1989-01-29
Q5780291,,Regeringen Carlsson II,kulturminister,
Q5780291,,Regeringen Carlsson II,utbildningsminister,
Q5780291,,Regeringen Palme II,kulturminister,
Q5780291,,Regeringen Palme II,skolminister,
Q5783838,1949-10-17,Regeringen Erlander I,finansminister,1949-07-01
Q5788984,1979-10-12,Regeringen Ullsten,kommunminister,1978-10-18
Q5788984,1979-10-12,Regeringen Ullsten,minister för nordiskt samarbete,1978-10-18
Q5788984,1979-10-12,Regeringen Ullsten,samfundsminister,1978-10-18
Q5788984,,Regeringen Ullsten,kommunminister,
Q5788984,,Regeringen Ullsten,minister för nordiskt samarbete,
Q5788984,,Regeringen Ullsten,samfundsminister,
Q5799445,1920-03-10,Regeringen Edén,utrikesminister,1917-10-19
Q5799445,,Regeringen Edén,utrikesminister,
Q5799722,1986-10-09,Regeringen Carlsson I,utrikeshandelsminister,1983-01-01
Q5799722,1986-10-09,Regeringen Palme II,utrikeshandelsminister,1983-01-01
Q5799722,1986-10-10,Regeringen Carlsson I,minister för nordiskt samarbete,1982-10-08
Q5799722,1986-10-10,Regeringen Carlsson I,utrikeshandelsminister,
Q5799722,1991-10-04,Regeringen Carlsson I,jordbruksminister,1986-10-10
Q5799722,1991-10-04,Regeringen Carlsson II,jordbruksminister,1986-10-10
Q5799722,1996-03-22,Regeringen Carlsson III,EU-minister,1994-10-07
Q5799722,1996-03-22,Regeringen Carlsson III,minister för nordiskt samarbete,1994-10-07
Q5799722,1996-03-22,Regeringen Carlsson III,utrikeshandelsminister,1994-10-07
Q5799722,,Regeringen Carlsson I,landsbygdsminister,1986-10-10
Q5799722,,Regeringen Carlsson I,minister för nordiskt samarbete,1988-10-04
Q5799722,,Regeringen Carlsson II,landsbygdsminister,
Q5799722,,Regeringen Carlsson II,minister för nordiskt samarbete,
Q5799722,,Regeringen Carlsson III,EU-minister,
Q5799722,,Regeringen Carlsson III,minister för nordiskt samarbete,
Q5799722,,Regeringen Carlsson III,utrikeshandelsminister,
Q5799722,,Regeringen Palme II,utrikeshandelsminister,1983-01-11
Q5811763,1920-03-10,Regeringen Edén,civilminister,1919-11-28
Q5811763,,Regeringen Edén,civilminister,1919-11-28
Q5816531,1989-01-29,Regeringen Carlsson I,infrastrukturminister,
Q5816531,1989-01-29,Regeringen Carlsson I,kommunikationsminister,1985-10-18
Q5816531,1989-01-29,Regeringen Palme II,kommunikationsminister,1985-10-18
Q5816531,1990-01-11,Regeringen Carlsson I,socialminister,1989-01-29
Q5816531,,Regeringen Palme II,infrastrukturminister,1985-10-18
Q5817889,1979-10-12,Regeringen Ullsten,näringsminister,1978-10-18
Q5817889,,Regeringen Ullsten,näringsminister,
Q5854875,1998-10-06,Regeringen Persson,integrationsminister,1998-03-25
Q5854875,1998-10-07,Regeringen Persson,idrottsminister,1998-03-25
Q5854875,1998-10-07,Regeringen Persson,integrationsminister,1998-03-25
Q5854875,1998-10-07,Regeringen Persson,konsumentminister,1998-03-25
Q5854875,1998-10-07,Regeringen Persson,ungdomsminister,1998-03-25
Q5854875,1998-11-16,Regeringen Persson,bostadsminister,1998-10-06
Q5854875,1998-11-16,Regeringen Persson,bostadsminister,1998-10-07
Q5854875,1998-11-16,Regeringen Persson,inrikesminister,1998-10-06
Q5854875,1998-11-16,Regeringen Persson,inrikesminister,1998-10-07
Q5854875,1998-11-16,Regeringen Persson,kommunminister,1998-10-07
Q5854875,2004-10-01,Regeringen Persson,Statsministerns ställföretädare,2004-06-01
Q5854875,2004-10-01,Regeringen Persson,socialminister,1998-11-16
Q5885510,1988-10-04,Regeringen Carlsson I,konsumentminister,1985-10-15
Q5885510,1988-10-04,Regeringen Carlsson I,löneminister,1985-10-15
Q5885510,1988-10-04,Regeringen Carlsson I,löneminister,
Q5885510,1988-10-04,Regeringen Palme II,konsumentminister,1985-10-15
Q5885510,1988-10-04,Regeringen Palme II,löneminister,1985-10-15
Q5885510,1991-01-01,Regeringen Carlsson I,civilminister,1988-01-01
Q5885510,1991-01-01,Regeringen Carlsson II,civilminister,1988-01-01
Q5885510,,Regeringen Carlsson I,civilminister,1988-10-04
Q5885510,,Regeringen Carlsson II,civilminister,
Q5885510,,Regeringen Palme II,löneminister,1985-10-04
Q5887217,2006-10-06,Regeringen Persson,folkhälsominister,2002-10-21
Q5887217,2017-07-27,Regeringen Löfven I,migrationsminister,2014-10-03
Q5887217,2017-07-27,Regeringen Löfven I,migrationsminister,
Q5887217,2019-01-21,Regeringen Löfven I,inrikesminister,2017-07-27
Q5887217,2021-11-30,Regeringen Löfven II,Statsministerns ställföretädare,2019-09-10
Q5887217,2021-11-30,Regeringen Löfven II,migrationsminister,2019-01-21
Q5887217,2021-11-30,Regeringen Löfven III,Statsministerns ställföretädare,2019-09-10
Q5887217,2021-11-30,Regeringen Löfven III,migrationsminister,2019-01-21
Q5887217,,Regeringen Andersson,justitieminister,2014-10-03
Q5887217,,Regeringen Andersson,justitieminister,
Q5887217,,Regeringen Löfven I,inrikesminister,2017-07-27
Q5887217,,Regeringen Löfven I,justitieminister,2014-10-03
Q5887217,,Regeringen Löfven I,justitieminister,
Q5887217,,Regeringen Löfven II,justitieminister,2014-10-03
Q5887217,,Regeringen Löfven II,justitieminister,
Q5887217,,Regeringen Löfven II,migrationsminister,
Q5887217,,Regeringen Löfven III,justitieminister,2014-10-03
Q5887217,,Regeringen Löfven III,justitieminister,
Q5887217,,Regeringen Löfven III,migrationsminister,
Q5887636,1976-10-08,Regeringen Palme I,näringsminister,1971-06-30
Q5887636,,Regeringen Palme I,näringsminister,1971-06-30
Q5925133,1981-05-05,Regeringen Fälldin II,försvarsminister,
Q5925133,,Regeringen Fälldin I,försvarsminister,
Q5937929,2002-10-15,Regeringen Persson,miljöminister,1998-10-07
Q5937929,2002-10-21,Regeringen Persson,miljöminister,1998-10-07
Q5948661,1938-08-31,Regeringen Hansson II,konsultativt statsråd,
Q5948661,,Regeringen Branting III,konsultativt statsråd,
Q5950208,1974-12-31,Regeringen Palme I,konsultativt statsråd,1969-10-14
Q5950208,1974-12-31,Regeringen Palme I,konsultativt statsråd,
Q5950208,1975-11-01,Regeringen Palme I,samordningsminister,1975-01-01
Q5950208,1975-11-01,Regeringen Palme I,samordningsminister,
Q5950208,1976-10-08,Regeringen Palme I,handelsminister,1975-11-10
Q5950208,,Regeringen Palme I,handelsminister,1975-11-01
Q5955520,,Regeringen Branting I,konsultativt statsråd,1920-06-30
Q5955664,1923-04-19,Regeringen Branting II,jordbruksminister,1921-10-13
Q5955664,1926-06-07,Regeringen Branting III,jordbruksminister,1924-10-18
Q5955664,,Regeringen Branting II,landsbygdsminister,
Q5955664,,Regeringen Branting III,landsbygdsminister,
Q5957403,,Regeringen Carlsson I,sjukvårdsminister,
Q5957403,,Regeringen Carlsson II,sjukvårdsminister,
Q5957403,,Regeringen Palme II,sjukvårdsminister,1985-09-30
Q5959211,1950-07-01,Regeringen Erlander I,konsultativt statsråd,1950-01-04
Q5959211,1950-07-01,Regeringen Erlander I,löneminister,1950-01-04
Q5959211,1954-11-29,Regeringen Erlander I,civilminister,1950-07-01
Q5959211,,Regeringen Erlander I,civilminister,1950-07-01
Q5967249,1973-11-03,Regeringen Palme I,civilminister,1969-07-01
Q5967249,1973-11-03,Regeringen Palme I,civilminister,
Q5967249,1976-10-08,Regeringen Palme I,jordbruksminister,1973-11-03
Q5967249,1986-10-09,Regeringen Carlsson I,Statsministerns ställföretädare,1986-03-13
Q5967249,1986-10-09,Regeringen Carlsson I,jordbruksminister,1982-10-08
Q5967249,1986-10-09,Regeringen Palme II,jordbruksminister,1982-10-08
Q5967249,1986-10-10,Regeringen Carlsson I,landsbygdsminister,
Q5967249,1986-10-10,Regeringen Carlsson I,minister för nordiskt samarbete,1982-10-08
Q5967249,1986-10-10,Regeringen Carlsson I,minister för nordiskt samarbete,
Q5967249,1986-10-10,Regeringen Palme II,minister för nordiskt samarbete,1982-10-08
Q5967249,,Regeringen Palme I,landsbygdsminister,1973-11-03
Q5967249,,Regeringen Palme II,landsbygdsminister,
Q5967249,,Regeringen Palme II,minister för nordiskt samarbete,
Q5969341,1975-11-01,Regeringen Palme I,löneminister,1969-10-14
Q5969341,1975-11-01,Regeringen Palme I,löneminister,
Q5969868,1988-10-04,Regeringen Carlsson I,minister för nordiskt samarbete,1986-10-10
Q5969868,1988-10-04,Regeringen Carlsson I,ungdomsminister,1986-10-10
Q5969868,1991-10-04,Regeringen Carlsson I,bostadsminister,1988-10-04
Q5969868,1991-10-04,Regeringen Carlsson I,idrottsminister,1986-10-10
Q5969868,1991-10-04,Regeringen Carlsson II,bostadsminister,1988-10-04
Q5969868,1991-10-04,Regeringen Carlsson II,idrottsminister,1986-10-10
Q5969868,,Regeringen Carlsson I,bostadsminister,1988-10-04
Q5969868,,Regeringen Carlsson I,idrottsminister,1986-10-10
Q5969868,,Regeringen Carlsson II,bostadsminister,
Q5969868,,Regeringen Carlsson II,idrottsminister,
Q5989925,1973-11-03,Regeringen Palme I,skolminister,1967-09-29
Q5989925,1973-11-03,Regeringen Palme I,skolminister,
Q5991041,1982-10-08,Regeringen Fälldin III,handelsminister,1981-05-22
Q5991041,1982-10-08,Regeringen Fälldin III,minister för nordiskt samarbete,1981-05-22
Q5991041,,Regeringen Fälldin III,handelsminister,
Q5991041,,Regeringen Fälldin III,minister för nordiskt samarbete,
Q5991125,1991-10-04,Regeringen Carlsson I,näringsminister,1990-01-12
Q5991125,1991-10-04,Regeringen Carlsson II,energiminister,1990-02-27
Q5991125,1991-10-04,Regeringen Carlsson II,näringsminister,1990-01-12
Q5991125,,Regeringen Carlsson I,näringsminister,1990-01-11
Q5991125,,Regeringen Carlsson II,energiminister,
Q5991125,,Regeringen Carlsson II,näringsminister,
Q5995142,1947-07-01,Regeringen Erlander I,biträdande socialminister,1945-07-31
Q5995142,1947-07-01,Regeringen Erlander I,biträdande socialminister,
Q5995142,1947-07-01,Regeringen Hansson IV,biträdande socialminister,1945-07-31
Q5995142,1951-10-01,Regeringen Erlander I,inrikesminister,1947-07-01
Q5995142,,Regeringen Erlander I,inrikesminister,1947-07-01
Q5995142,,Regeringen Hansson IV,biträdande socialminister,
Q5996964,1976-11-25,Regeringen Fälldin I,biträdande finansminister,1976-10-08
Q5996964,1976-11-25,Regeringen Fälldin I,biträdande finansminister,
Q5996964,1979-10-12,Regeringen Ullsten,ekonomiminister,1978-10-18
Q5996964,1980-07-31,Regeringen Fälldin I,budgetminister,1976-11-25
Q5996964,1980-07-31,Regeringen Fälldin II,Statsministerns ställföretädare,1979-10-12
Q5996964,1980-07-31,Regeringen Fälldin II,budgetminister,1976-11-25
Q5996964,1980-07-31,Regeringen Fälldin II,budgetminister,
Q5996964,1980-07-31,Regeringen Ullsten,budgetminister,1976-11-25
Q5996964,,Regeringen Fälldin I,budgetminister,1976-11-25
Q5996964,,Regeringen Ullsten,budgetminister,
Q5996964,,Regeringen Ullsten,ekonomiminister,
Q6009015,1920-03-10,Regeringen Edén,lantförsvarsminister,1917-10-19
Q6009015,,Regeringen Edén,lantförsvarsminister,
Q6010640,1938-12-09,Regeringen Hansson II,försvarsminister,
Q6011492,1920-10-27,Regeringen Branting I,jordbruksminister,1920-03-10
Q6011492,,Regeringen Branting I,landsbygdsminister,
Q6011982,1973-06-30,Regeringen Palme I,konsultativt statsråd,
Q6014287,1990-01-11,Regeringen Carlsson I,näringsminister,1988-10-04
Q6017016,1976-10-08,Regeringen Palme I,kommunikationsminister,1969-07-01
Q6017016,,Regeringen Palme I,infrastrukturminister,
Q6018174,1920-10-27,Regeringen Branting I,konsultativt statsråd,1920-03-10
Q6018174,1923-04-19,Regeringen Branting II,konsultativt statsråd,1921-10-13
Q6018174,1926-01-01,Regeringen Branting III,justitieminister,1924-01-01
Q6018174,,Regeringen Branting I,konsultativt statsråd,
Q6018174,,Regeringen Branting II,konsultativt statsråd,
Q6018174,,Regeringen Branting III,justitieminister,
Q6019543,1996-03-22,Regeringen Carlsson III,samordningsminister,1994-10-07
Q6019543,,Regeringen Carlsson III,samordningsminister,
Q6027273,1994-10-07,Regeringen Carl Bildt,jordbruksminister,1991-10-04
Q6027273,1994-10-07,Regeringen Carl Bildt,miljöminister,1994-10-02
Q6027273,,Regeringen Carl Bildt,landsbygdsminister,
Q6027273,,Regeringen Carl Bildt,miljöminister,1994-10-03
Q6027656,1920-10-27,Regeringen Branting I,ecklesiastikminister,1919-11-28
Q6027656,1920-10-27,Regeringen Edén,ecklesiastikminister,1919-11-28
Q6027656,1923-04-19,Regeringen Branting II,ecklesiastikminister,1921-10-13
Q6027656,1926-06-07,Regeringen Branting III,ecklesiastikminister,1924-10-18
Q6027656,,Regeringen Branting I,ecklesiastikminister,
Q6027656,,Regeringen Branting II,ecklesiastikminister,
Q6027656,,Regeringen Branting III,ecklesiastikminister,
Q6027656,,Regeringen Edén,ecklesiastikminister,1919-11-28
Q6029071,2006-10-06,Regeringen Persson,demokratiminister,2004-10-21
Q6029071,2006-10-06,Regeringen Persson,integrationsminister,2004-10-21
Q6029071,2006-10-06,Regeringen Persson,jämställdhetsminister,2004-10-21
Q6029071,,Regeringen Persson,demokratiminister,2004-10-21
Q6029071,,Regeringen Persson,integrationsminister,2004-10-21
Q6029071,,Regeringen Persson,jämställdhetsminister,2004-10-21
Q6045870,,Regeringen Edén,konsultativt statsråd,
Q6059390,1940-10-11,Regeringen Hansson III,konsultativt statsråd,
Q6059390,,Regeringen Erlander I,konsultativt statsråd,
Q6059390,,Regeringen Hansson II,konsultativt statsråd,
Q6059390,,Regeringen Hansson III,konsultativt statsråd,1943-08-30
Q6059390,,Regeringen Hansson IV,konsultativt statsråd,
Q6061623,1983-11-10,Regeringen Palme II,justitieminister,1982-10-08
Q6061623,1983-11-10,Regeringen Palme II,justitieminister,
Q6077653,1979-10-12,Regeringen Fälldin I,justitieminister,1976-10-08
Q6077653,1979-10-12,Regeringen Ullsten,Statsministerns ställföretädare,1978-10-18
Q6077653,1979-10-12,Regeringen Ullsten,justitieminister,1976-10-08
Q6077653,,Regeringen Fälldin I,justitieminister,
Q6077653,,Regeringen Ullsten,justitieminister,
Q6078711,1944-09-30,Regeringen Hansson III,konsultativt statsråd,1940-10-11
Q6082121,1944-09-30,Regeringen Hansson III,konsultativt statsråd,1943-08-30
Q6082121,,Regeringen Hansson III,konsultativt statsråd,1944-09-30
Q6085444,1919-11-28,Regeringen Edén,ecklesiastikminister,1917-10-19
Q6085444,1919-11-28,Regeringen Edén,ecklesiastikminister,
Q60971016,1979-01-01,Regeringen Fälldin I,statssekreterare,1976-01-01
Q60971016,1979-01-01,Regeringen Ullsten,statssekreterare,1976-01-01
Q6131173,,Regeringen Fälldin III,försvarsminister,
Q6146893,1970-10-03,Regeringen Palme I,handelsminister,
Q6146893,1970-10-09,Regeringen Palme I,handelsminister,1955-09-12
Q6168210,1923-04-19,Regeringen Branting II,konsultativt statsråd,1921-10-13
Q6168210,,Regeringen Branting II,konsultativt statsråd,
Q6169057,1919-11-28,Regeringen Edén,civilminister,1917-10-19
Q6169057,1919-11-28,Regeringen Edén,civilminister,
Q6180686,1938-12-16,Regeringen Hansson II,handelsminister,1936-09-28
Q6180686,1938-12-16,Regeringen Hansson II,handelsminister,
Q6180686,1945-07-31,Regeringen Hansson II,försvarsminister,1938-12-16
Q6180686,1945-07-31,Regeringen Hansson III,försvarsminister,1938-12-16
Q6180686,1948-10-29,Regeringen Erlander I,jordbruksminister,1945-07-31
Q6180686,1948-10-29,Regeringen Erlander I,landsbygdsminister,
Q6180686,1948-10-29,Regeringen Hansson IV,jordbruksminister,1945-07-31
Q6180686,1949-10-21,Regeringen Erlander I,samordningsminister,1948-10-28
Q6180686,1955-09-12,Regeringen Erlander I,finansminister,1949-10-21
Q6180686,,Regeringen Erlander I,finansminister,1949-10-21
Q6180686,,Regeringen Hansson II,försvarsminister,1938-12-16
Q6180686,,Regeringen Hansson III,försvarsminister,
Q6180686,,Regeringen Hansson IV,landsbygdsminister,
Q6192576,1939-12-13,Regeringen Hansson II,kommunikationsminister,1938-12-16
Q6192576,,Regeringen Hansson II,infrastrukturminister,1938-12-16
Q6196549,1996-03-22,Regeringen Carlsson III,arbetsmarknadsminister,1994-10-07
Q6196549,1998-10-07,Regeringen Persson,energiminister,1996-03-22
Q6196549,1998-10-07,Regeringen Persson,näringsminister,1996-03-22
Q6196549,1998-10-07,Regeringen Persson,näringsminister,
Q6196549,1998-10-26,Regeringen Persson,socialminister,1998-10-07
Q6196549,,Regeringen Carlsson III,arbetsmarknadsminister,
Q6206776,1979-10-12,Regeringen Ullsten,energiminister,1978-10-18
Q6206776,1979-10-12,Regeringen Ullsten,samordningsminister,1978-10-18
Q6206776,1998-10-06,Regeringen Carlsson III,utbildningsminister,1994-10-07
Q6206776,1998-10-06,Regeringen Persson,utbildningsminister,1994-10-07
Q6206776,1998-10-07,Regeringen Persson,utbildningsminister,
Q6206776,,Regeringen Carlsson III,utbildningsminister,
Q6206776,,Regeringen Ullsten,energiminister,
Q6206776,,Regeringen Ullsten,samordningsminister,
Q6209474,1920-06-30,Regeringen Branting I,finansminister,1918-01-05
Q6209474,1920-06-30,Regeringen Branting I,finansminister,
Q6209474,1920-06-30,Regeringen Edén,finansminister,1918-01-05
Q6209474,1920-10-27,Regeringen Branting I,handelsminister,1920-07-01
Q6209474,1923-04-19,Regeringen Branting II,finansminister,1921-10-13
Q6209474,1925-05-05,Regeringen Branting III,finansminister,1924-10-18
Q6209474,,Regeringen Branting I,handelsminister,1920-06-30
Q6209474,,Regeringen Branting II,finansminister,
Q6209474,,Regeringen Branting III,finansminister,
Q6209474,,Regeringen Edén,finansminister,1918-01-05
Q6209830,1985-10-14,Regeringen Palme II,försvarsminister,1983-01-17
Q6216923,1978-10-18,Regeringen Fälldin I,kommunikationsminister,1976-10-08
Q6216923,,Regeringen Fälldin I,infrastrukturminister,
Q6239734,1987-10-19,Regeringen Carlsson I,justitieminister,1983-01-01
Q6239734,1987-10-19,Regeringen Carlsson I,justitieminister,
Q6239734,1987-10-19,Regeringen Palme II,justitieminister,1983-01-01
Q6239734,,Regeringen Palme II,justitieminister,1983-11-15
Q6241556,2017-07-27,Regeringen Löfven I,folkhälsominister,2014-10-03
Q6241556,2017-07-27,Regeringen Löfven I,idrottsminister,2014-10-03
Q6241556,2017-07-27,Regeringen Löfven I,sjukvårdsminister,2014-10-03
Q6241556,2017-07-27,Regeringen Löfven I,sjukvårdsminister,
Q6243875,1981-05-05,Regeringen Fälldin II,justitieminister,1979-10-12
Q6243875,1981-05-05,Regeringen Fälldin II,justitieminister,
Q6244910,1978-10-18,Regeringen Fälldin I,invandrarminister,1978-03-07
Q6244910,1978-10-18,Regeringen Fälldin I,jämställdhetsminister,1978-03-07
Q6244910,1980-07-31,Regeringen Fälldin I,arbetsmarknadsminister,1978-03-07
Q6244910,1980-07-31,Regeringen Fälldin II,arbetsmarknadsminister,1978-03-07
Q6244910,1980-07-31,Regeringen Fälldin II,arbetsmarknadsminister,
Q6244910,1980-07-31,Regeringen Ullsten,arbetsmarknadsminister,1978-03-07
Q6244910,1982-10-08,Regeringen Fälldin II,budgetminister,1980-08-01
Q6244910,1982-10-08,Regeringen Fälldin III,budgetminister,1980-08-01
Q6244910,1982-10-08,Regeringen Fälldin III,ekonomiminister,1981-05-05
Q6244910,,Regeringen Fälldin I,arbetsmarknadsminister,1978-03-07
Q6244910,,Regeringen Fälldin I,invandrarminister,1978-03-07
Q6244910,,Regeringen Fälldin I,jämställdhetsminister,1978-03-07
Q6244910,,Regeringen Fälldin II,budgetminister,1980-07-31
Q6244910,,Regeringen Fälldin II,ekonomiminister,1981-05-05
Q6244910,,Regeringen Fälldin III,budgetminister,
Q6244910,,Regeringen Fälldin III,ekonomiminister,
Q6244910,,Regeringen Ullsten,arbetsmarknadsminister,
Q6250583,1976-10-08,Regeringen Palme I,utbildningsminister,1973-11-03
Q6250583,,Regeringen Palme I,utbildningsminister,1973-11-03
Q6252055,1957-09-20,Regeringen Erlander I,justitieminister,1945-07-31
Q6252055,1957-09-20,Regeringen Hansson IV,justitieminister,1945-07-31
Q6252055,,Regeringen Erlander I,justitieminister,
Q6252055,,Regeringen Hansson IV,justitieminister,
Q6255333,1920-01-01,Regeringen Branting I,justitieminister,1920-01-01
Q6255333,1923-01-01,Regeringen Branting II,justitieminister,1921-01-01
Q6255333,,Regeringen Branting I,justitieminister,1920-06-30
Q6255333,,Regeringen Branting II,justitieminister,
Q6255950,1978-10-18,Regeringen Fälldin I,näringsminister,1976-10-08
Q6255950,1982-10-08,Regeringen Fälldin II,näringsminister,1979-10-12
Q6255950,1982-10-08,Regeringen Fälldin III,näringsminister,1979-10-12
Q6255950,,Regeringen Fälldin I,näringsminister,
Q6255950,,Regeringen Fälldin II,näringsminister,
Q6255950,,Regeringen Fälldin III,näringsminister,
Q6257291,,Regeringen Branting II,infrastrukturminister,
Q6338909,1951-03-08,Regeringen Erlander I,ecklesiastikminister,1946-10-11
Q6338909,1951-03-08,Regeringen Erlander I,ecklesiastikminister,
Q6340136,1981-05-22,Regeringen Fälldin II,handelsminister,1981-05-05
Q6340136,1981-05-22,Regeringen Fälldin II,minister för nordiskt samarbete,1981-05-05
Q6340136,1982-10-08,Regeringen Fälldin I,utbildningsminister,1976-10-08
Q6340136,1982-10-08,Regeringen Fälldin II,utbildningsminister,1976-10-08
Q6340136,1982-10-08,Regeringen Fälldin III,utbildningsminister,1976-10-08
Q6340136,1982-10-08,Regeringen Ullsten,utbildningsminister,1976-10-08
Q6340136,,Regeringen Fälldin I,utbildningsminister,
Q6340136,,Regeringen Fälldin II,handelsminister,1981-05-05
Q6340136,,Regeringen Fälldin II,minister för nordiskt samarbete,1981-05-05
Q6340136,,Regeringen Fälldin II,utbildningsminister,
Q6340136,,Regeringen Fälldin III,utbildningsminister,
Q6340136,,Regeringen Ullsten,utbildningsminister,
Q63533075,,Regeringen Andersson,energiminister,
Q63975305,,Regeringen Andersson,bostadsminister,
Q64524335,2021-11-30,Regeringen Löfven II,bostadsminister,2021-02-05
Q64524335,2021-11-30,Regeringen Löfven II,jämställdhetsminister,2021-02-05
Q64524335,2021-11-30,Regeringen Löfven III,bostadsminister,2021-02-05
Q64524335,2021-11-30,Regeringen Löfven III,jämställdhetsminister,2021-02-05
Q64524335,,Regeringen Löfven III,bostadsminister,
Q64524335,,Regeringen Löfven III,jämställdhetsminister,
Q67207189,,Regeringen Andersson,utrikeshandelsminister,
Q67207189,,Regeringen Löfven II,handelsminister,2019-09-10
Q67207189,,Regeringen Löfven II,minister för nordiskt samarbete,2019-09-10
Q67207189,,Regeringen Löfven II,utrikeshandelsminister,2019-09-10
Q67207189,,Regeringen Löfven III,handelsminister,2019-09-10
Q67207189,,Regeringen Löfven III,minister för nordiskt samarbete,
Q67207189,,Regeringen Löfven III,utrikeshandelsminister,
Q707581,1973-11-02,Regeringen Palme I,jordbruksminister,1969-01-25
Q707581,1973-11-03,Regeringen Palme I,landsbygdsminister,
Q707581,1973-12-31,Regeringen Palme I,inrikesminister,1973-11-03
Q707581,1976-10-08,Regeringen Palme I,arbetsmarknadsminister,1974-01-01
Q707581,,Regeringen Palme I,arbetsmarknadsminister,1974-01-01
Q719015,2007-09-05,Regeringen Reinfeldt,försvarsminister,
Q724410,1979-10-12,Regeringen Ullsten,socialminister,1978-10-18
Q724410,,Regeringen Ullsten,socialminister,
Q772089,2013-09-17,Regeringen Reinfeldt,arbetsmarknadsminister,2010-10-05
Q772089,2014-10-03,Regeringen Reinfeldt,biståndsminister,2013-09-17
Q772089,,Regeringen Reinfeldt,biståndsminister,2013-09-17
Q817241,1994-10-07,Regeringen Carl Bildt,Statsministerns ställföretädare,1991-10-04
Q817241,1994-10-07,Regeringen Carl Bildt,jämställdhetsminister,1993-01-15
Q817241,1994-10-07,Regeringen Carl Bildt,socialminister,1991-10-04
Q817241,,Regeringen Carl Bildt,jämställdhetsminister,
Q817241,,Regeringen Carl Bildt,socialminister,
Q879773,1997-01-31,Regeringen Persson,handelsminister,1996-03-22
Q879773,1997-02-01,Regeringen Persson,handelsminister,
Q879773,2002-09-30,Regeringen Persson,försvarsminister,1997-02-01
Q887398,1982-12-31,Regeringen Palme II,kommunminister,1982-10-08
Q887398,1982-12-31,Regeringen Palme II,kommunminister,
Q887398,1988-10-04,Regeringen Carlsson I,civilminister,
Q887398,1988-10-04,Regeringen Carlsson I,samfundsminister,1982-10-08
Q887398,1988-10-04,Regeringen Carlsson I,samfundsminister,
Q887398,1988-10-04,Regeringen Palme II,samfundsminister,1982-10-08
Q887398,,Regeringen Palme II,civilminister,1983-01-01
Q887398,,Regeringen Palme II,samfundsminister,
Q911372,2007-09-12,Regeringen Reinfeldt,skolminister,2006-10-06
Q911372,2007-09-12,Regeringen Reinfeldt,skolminister,
Q911372,2014-10-03,Regeringen Reinfeldt,Statsministerns ställföretädare,2010-10-05
Q911372,2014-10-03,Regeringen Reinfeldt,högskoleminister,2010-10-05
Q911372,2014-10-03,Regeringen Reinfeldt,utbildningsminister,2007-09-12
Q911372,,Regeringen Reinfeldt,utbildningsminister,2007-09-12
Q918261,2014-10-03,Regeringen Reinfeldt,socialminister,2006-10-06
Q918261,,Regeringen Reinfeldt,socialminister,
Q927466,1975-10-27,Regeringen Palme I,handelsminister,1970-10-09
Q927466,1975-11-01,Regeringen Palme I,handelsminister,1970-10-03
Q927466,1976-10-08,Regeringen Palme I,löneminister,1975-11-01
Q927466,1976-10-08,Regeringen Palme I,minister för nordiskt samarbete,1970-10-03
Q927466,1982-12-31,Regeringen Palme II,budgetminister,1982-10-08
Q927466,1982-12-31,Regeringen Palme II,budgetminister,
Q927466,1982-12-31,Regeringen Palme II,ekonomiminister,1982-10-08
Q927466,1982-12-31,Regeringen Palme II,ekonomiminister,
Q927466,1990-02-16,Regeringen Carlsson I,Statsministerns ställföretädare,1986-10-10
Q927466,1990-02-16,Regeringen Carlsson I,finansminister,1983-01-01
Q927466,1990-02-16,Regeringen Carlsson I,finansminister,
Q927466,1990-02-16,Regeringen Palme II,finansminister,1983-01-01
Q927466,,Regeringen Palme I,löneminister,1975-11-01
Q927466,,Regeringen Palme I,minister för nordiskt samarbete,1970-10-03
Q927466,,Regeringen Palme II,finansminister,1983-01-01
Q944795,1994-10-07,Regeringen Carl Bildt,biståndsminister,1991-10-04
Q944795,,Regeringen Carl Bildt,biståndsminister,
Q946818,2006-10-24,Regeringen Reinfeldt,kulturminister,2006-10-16
Q946818,2007-09-07,Regeringen Reinfeldt,utbildningsminister,2006-10-06
Q946818,2007-09-12,Regeringen Reinfeldt,utbildningsminister,
Q946818,2009-06-17,Regeringen Reinfeldt,högskoleminister,2007-09-12
Q952026,2010-10-05,Regeringen Reinfeldt,högskoleminister,2009-06-17
Q953952,1951-10-01,Regeringen Erlander I,konsultativt statsråd,1948-10-28
Q953952,1973-10-31,Regeringen Palme I,försvarsminister,1957-03-22
Q953952,1973-11-03,Regeringen Palme I,försvarsminister,
Q953952,1976-10-08,Regeringen Palme I,utrikesminister,1973-11-03
Q953952,,Regeringen Palme I,utrikesminister,1973-11-03
Q966884,2014-10-03,Regeringen Reinfeldt,bostadsminister,2010-10-05
Q966884,2014-10-03,Regeringen Reinfeldt,civilminister,2010-10-05
Q966884,2014-10-03,Regeringen Reinfeldt,samfundsminister,2010-10-05
Q984112,2007-09-05,Regeringen Reinfeldt,handelsminister,2006-10-24
Q984112,2007-09-12,Regeringen Reinfeldt,handelsminister,2006-10-24
Q984112,2012-03-29,Regeringen Reinfeldt,försvarsminister,2007-09-05
