role,government,wiki_id,start,end
Sveriges utbildningsminister,Regeringen Carlsson I,Q4098206,1985-10-17,1989-01-29
Sveriges ungdomsminister,Regeringen Carlsson I,Q5969868,1986-10-10,1988-10-04
Sveriges konsumentminister,Regeringen Reinfeldt,Q241851,2006-10-06,2010-10-05
Sveriges utbildningsminister,Regeringen Reinfeldt,Q946818,2006-10-06,2007-09-07
Sveriges ungdomsminister,Regeringen Carlsson I,Q237522,1988-10-04,1991-10-04
Sveriges kulturminister,Regeringen Reinfeldt,Q297821,2006-10-24,2014-10-03
Statsministerns ställföretädare,Regeringen Reinfeldt,Q911372,2010-10-05,2014-10-03
Sveriges socialförsäkringsminister,Regeringen Reinfeldt,Q445997,2006-10-06,2010-10-05
Sveriges arbetsmarknadsminister,Regeringen Carlsson I,Q1796120,1982-10-08,1987-10-19
Sveriges biståndsminister,Regeringen Reinfeldt,Q458162,2006-10-06,2013-09-17
Sveriges minister för nordiskt samarbete,Regeringen Reinfeldt,Q445997,2006-10-06,2010-10-05
Sveriges samfundsminister,Regeringen Carlsson I,Q237522,1988-10-04,1991-10-04
Sveriges idrottsminister,Regeringen Reinfeldt,Q297821,2006-10-24,2014-10-03
Sveriges jordbruksminister,Regeringen Carlsson I,Q5799722,1986-10-10,1991-10-04
Sveriges näringsminister,Regeringen Carlsson I,Q5991125,1990-01-12,1991-10-04
Sveriges socialförsäkringsminister,Regeringen Reinfeldt,Q1780398,2010-10-05,2014-10-03
Sveriges demokratiminister,Regeringen Reinfeldt,Q241851,2006-10-06,2010-10-05
Sveriges justitieminister,Regeringen Carlsson I,Q1796120,1987-10-19,1988-06-07
Sveriges handelsminister,Regeringen Reinfeldt,Q457877,2007-09-12,2014-10-03
Sveriges jordbruksminister,Regeringen Carlsson I,Q5967249,1982-10-08,1986-10-09
Sveriges bostadsminister,Regeringen Reinfeldt,Q571725,2006-10-06,2010-10-05
Sveriges kulturminister,Regeringen Reinfeldt,Q447653,2006-10-06,2006-10-16
Sveriges försvarsminister,Regeringen Reinfeldt,Q984112,2007-09-05,2012-03-29
Sveriges miljöminister,Regeringen Reinfeldt,Q535342,2011-09-29,2014-10-03
Sveriges biståndsminister,Regeringen Carlsson I,Q460919,1985-10-17,1991-10-04
Sveriges integrationsminister,Regeringen Reinfeldt,Q4588714,2010-10-05,2014-10-03
Sveriges idrottsminister,Regeringen Reinfeldt,Q447653,2006-10-06,2006-10-16
Sveriges biträdande utbildningsminister,Regeringen Reinfeldt,Q241851,2010-10-05,2013-01-21
Sveriges infrastrukturminister,Regeringen Reinfeldt,Q271235,2006-10-06,2010-10-05
Sveriges minister för nordiskt samarbete,Regeringen Carlsson I,Q5799722,1982-10-08,1986-10-10
Sveriges samfundsminister,Regeringen Reinfeldt,Q297821,2006-10-24,2010-10-05
Sveriges arbetsmarknadsminister,Regeringen Reinfeldt,Q772089,2010-10-05,2013-09-17
Sveriges skolminister,Regeringen Reinfeldt,Q911372,2006-10-06,2007-09-12
Sveriges bostadsminister,Regeringen Reinfeldt,Q966884,2010-10-05,2014-10-03
Sveriges minister för nordiskt samarbete,Regeringen Carlsson I,Q5967249,1982-10-08,1986-10-10
Statsministerns ställföretädare,Regeringen Carlsson I,Q5967249,1986-03-13,1986-10-09
Sveriges arbetsmarknadsminister,Regeringen Reinfeldt,Q3504785,2006-10-06,2010-07-07
Sveriges konsumentminister,Regeringen Reinfeldt,Q429001,2010-10-05,2014-10-03
Statsministerns ställföretädare,Regeringen Reinfeldt,Q253640,2006-10-06,2010-10-05
Sveriges energiminister,Regeringen Reinfeldt,Q3562306,2011-09-29,2014-10-03
Sveriges bostadsminister,Regeringen Carlsson I,Q5969868,1988-10-04,1991-10-04
Sveriges integrationsminister,Regeringen Reinfeldt,Q241851,2006-10-06,2010-10-05
Sveriges högskoleminister,Regeringen Reinfeldt,Q946818,2007-09-12,2009-06-17
Sveriges biträdande utbildningsminister,Regeringen Reinfeldt,Q3540867,2013-01-21,2014-10-03
Sveriges justitieminister,Regeringen Reinfeldt,Q297850,2006-10-06,2014-10-03
Sveriges finansminister,Regeringen Reinfeldt,Q182050,2006-10-06,2014-10-03
Sveriges demokratiminister,Regeringen Reinfeldt,Q429001,2010-10-05,2014-10-03
Sveriges folkhälsominister,Regeringen Reinfeldt,Q447542,2006-10-06,2010-10-05
Sveriges miljöminister,Regeringen Carlsson I,Q4356302,1986-03-12,1991-10-04
Sveriges finansmarknadsminister,Regeringen Reinfeldt,Q571725,2006-10-06,2010-10-05
Sveriges jordbruksminister,Regeringen Reinfeldt,Q3058054,2006-10-06,2010-10-05
Sveriges miljöminister,Regeringen Reinfeldt,Q496604,2006-10-06,2011-09-29
Sveriges samfundsminister,Regeringen Reinfeldt,Q966884,2010-10-05,2014-10-03
Sveriges konsumentminister,Regeringen Carlsson I,Q237522,1988-10-04,1991-10-04
Sveriges försvarsminister,Regeringen Reinfeldt,Q2941786,2012-03-29,2012-04-18
Sveriges energiminister,Regeringen Reinfeldt,Q253640,2006-10-06,2011-09-29
Sveriges kommunminister,Regeringen Reinfeldt,Q571725,2006-10-06,2010-10-05
Sveriges ungdomsminister,Regeringen Reinfeldt,Q241851,2006-10-06,2013-01-21
Sveriges socialminister,Regeringen Carlsson I,Q4978577,1985-10-16,1989-01-29
Sveriges skolminister,Regeringen Carlsson I,Q53747,1989-01-29,1991-10-04
Sveriges näringsminister,Regeringen Carlsson I,Q53740,1988-09-30,1988-10-04
Sveriges utbildningsminister,Regeringen Reinfeldt,Q911372,2007-09-12,2014-10-03
Sveriges digitaliseringsminister,Regeringen Reinfeldt,Q3562306,2010-10-05,2014-10-03
Sveriges jämställdhetsminister,Regeringen Reinfeldt,Q241851,2006-10-06,2013-01-21
Sveriges kulturminister,Regeringen Reinfeldt,Q946818,2006-10-16,2006-10-24
Sveriges minister för nordiskt samarbete,Regeringen Carlsson I,Q5969868,1986-10-10,1988-10-04
Sveriges utrikesminister,Regeringen Reinfeldt,Q52922,2006-10-06,2014-10-03
Sveriges infrastrukturminister,Regeringen Reinfeldt,Q2941786,2010-10-05,2014-10-02
Sveriges kommunikationsminister,Regeringen Carlsson I,Q5554537,1989-01-29,1990-02-27
Sveriges högskoleminister,Regeringen Reinfeldt,Q952026,2009-06-17,2010-10-05
Sveriges samfundsminister,Regeringen Reinfeldt,Q447653,2006-10-06,2006-10-16
Sveriges landsbygdsminister,Regeringen Reinfeldt,Q3058054,2010-10-05,2014-10-03
Sveriges näringsminister,Regeringen Reinfeldt,Q253640,2010-10-06,2011-09-29
Sveriges jämställdhetsminister,Regeringen Carlsson I,Q1796120,1986-10-10,1987-10-19
Sveriges ungdomsminister,Regeringen Reinfeldt,Q3540867,2013-01-21,2014-10-03
Sveriges EU-minister,Regeringen Reinfeldt,Q234872,2006-10-06,2010-01-22
Sveriges civilminister,Regeringen Reinfeldt,Q966884,2010-10-05,2014-10-03
Sveriges utrikeshandelsminister,Regeringen Carlsson I,Q5799722,1983-01-01,1986-10-09
Sveriges idrottsminister,Regeringen Carlsson I,Q5969868,1986-10-10,1991-10-04
Sveriges minister för nordiskt samarbete,Regeringen Reinfeldt,Q457877,2010-10-05,2014-10-03
Sveriges socialminister,Regeringen Reinfeldt,Q918261,2006-10-06,2014-10-03
Sveriges EU-minister,Regeringen Reinfeldt,Q429001,2010-02-02,2014-10-03
Sveriges jämställdhetsminister,Regeringen Reinfeldt,Q3540867,2013-01-21,2014-10-03
Sveriges arbetsmarknadsminister,Regeringen Reinfeldt,Q4981393,2013-09-17,2014-10-03
Sveriges högskoleminister,Regeringen Reinfeldt,Q911372,2010-10-05,2014-10-03
Sveriges finansmarknadsminister,Regeringen Reinfeldt,Q3209237,2010-10-05,2014-10-03
Sveriges arbetsmarknadsminister,Regeringen Carlsson I,Q231413,1990-01-11,1991-10-04
Sveriges migrationsminister,Regeringen Reinfeldt,Q3112958,2006-10-06,2014-09-29
Statsministerns ställföretädare,Regeringen Carlsson I,Q460919,1990-02-16,1990-02-27
Sveriges invandrarminister,Regeringen Carlsson I,Q5554537,1986-10-10,1989-01-29
Sveriges näringsminister,Regeringen Reinfeldt,Q439393,2011-09-23,2014-10-03
Sveriges handelsminister,Regeringen Reinfeldt,Q984112,2006-10-24,2007-09-12
Sveriges arbetsmarknadsminister,Regeringen Reinfeldt,Q3112958,2010-07-07,2010-10-05
Sveriges biståndsminister,Regeringen Reinfeldt,Q772089,2013-09-17,2014-10-03
Sveriges handelsminister,Regeringen Reinfeldt,Q520223,2006-10-06,2006-10-14
Sveriges arbetsmarknadsminister,Regeringen Fälldin II,Q5708784,1980-07-31,1982-10-08
Sveriges löneminister,Regeringen Fälldin II,Q2021126,1979-10-12,1982-10-08
Sveriges bostadsminister,Regeringen Ullsten,Q4916267,1978-10-18,1982-10-08
Sveriges invandrarminister,Regeringen Ullsten,Q4990642,1978-10-18,1979-10-12
Sveriges utrikesminister,Regeringen Fälldin II,Q53733,1979-10-12,1982-10-08
Sveriges handelsminister,Regeringen Fälldin III,Q5991041,1981-05-22,1982-10-08
Sveriges jordbruksminister,Regeringen Ullsten,Q5713444,1978-10-18,1979-10-12
Sveriges minister för nordiskt samarbete,Regeringen Fälldin III,Q5991041,1981-05-22,1982-10-08
Sveriges samfundsminister,Regeringen Fälldin III,Q5582047,1979-10-12,1982-10-08
Sveriges socialminister,Regeringen Palme II,Q1346478,1982-10-08,1985-10-16
Sveriges budgetminister,Regeringen Fälldin III,Q6244910,1980-08-01,1982-10-08
Sveriges jämställdhetsminister,Regeringen Ullsten,Q4990642,1978-10-18,1979-10-12
Sveriges utbildningsminister,Regeringen Fälldin III,Q6340136,1976-10-08,1982-10-08
Sveriges energiminister,Regeringen Palme II,Q4356302,1982-10-08,1990-02-27
Sveriges utrikesminister,Regeringen Ullsten,Q297275,1978-10-18,1979-10-12
Sveriges skolminister,Regeringen Fälldin III,Q4982841,1981-05-22,1982-10-08
Sveriges miljöminister,Regeringen Palme II,Q53740,1985-10-07,1986-02-28
Sveriges justitieminister,Regeringen Ullsten,Q6077653,1976-10-08,1979-10-12
Sveriges samfundsminister,Regeringen Fälldin II,Q5582047,1979-10-12,1982-10-08
Sveriges kommunikationsminister,Regeringen Palme II,Q5816531,1985-10-18,1989-01-29
Sveriges näringsminister,Regeringen Fälldin III,Q6255950,1979-10-12,1982-10-08
Statsministerns ställföretädare,Regeringen Palme II,Q53740,1982-10-08,1986-03-13
Sveriges socialminister,Regeringen Fälldin III,Q468538,1979-10-12,1982-10-08
Sveriges jordbruksminister,Regeringen Fälldin III,Q4352320,1982-10-04,1982-10-08
Sveriges invandrarminister,Regeringen Fälldin III,Q1727737,1979-10-12,1982-10-08
Sveriges kommunminister,Regeringen Palme II,Q887398,1982-10-08,1982-12-31
Sveriges näringsminister,Regeringen Ullsten,Q5817889,1978-10-18,1979-10-12
Sveriges näringsminister,Regeringen Fälldin II,Q6255950,1979-10-12,1982-10-08
Sveriges jämställdhetsminister,Regeringen Fälldin III,Q1727737,1979-10-12,1982-10-08
Statsministerns ställföretädare,Regeringen Ullsten,Q6077653,1978-10-18,1979-10-12
Sveriges kommunikationsminister,Regeringen Fälldin II,Q3431988,1979-10-12,1981-05-05
Sveriges kommunminister,Regeringen Fälldin III,Q5582047,1979-10-12,1982-10-08
Sveriges minister för nordiskt samarbete,Regeringen Fälldin II,Q6340136,1981-05-05,1981-05-22
Sveriges energiminister,Regeringen Ullsten,Q6206776,1978-10-18,1979-10-12
Sveriges samordningsminister,Regeringen Ullsten,Q6206776,1978-10-18,1979-10-12
Statsministerns ställföretädare,Regeringen Fälldin II,Q5996964,1979-10-12,1980-07-31
Sveriges arbetsmarknadsminister,Regeringen Palme II,Q1796120,1982-10-08,1987-10-19
Sveriges skolminister,Regeringen Ullsten,Q4975172,1978-10-18,1979-10-12
Sveriges kommunminister,Regeringen Fälldin II,Q5582047,1979-10-12,1982-10-08
Sveriges energiminister,Regeringen Fälldin III,Q5708784,1981-05-22,1982-10-08
Sveriges budgetminister,Regeringen Fälldin II,Q5996964,1976-11-25,1980-07-31
Statsministerns ställföretädare,Regeringen Fälldin III,Q53733,1980-08-01,1982-10-08
Sveriges jordbruksminister,Regeringen Fälldin III,Q4753755,1979-10-12,1982-10-04
Sveriges justitieminister,Regeringen Palme II,Q6061623,1982-10-08,1983-11-10
Sveriges kommunikationsminister,Regeringen Fälldin II,Q2021126,1981-05-05,1981-05-22
Sveriges kulturminister,Regeringen Palme II,Q5780291,1982-10-08,1991-10-04
Sveriges socialminister,Regeringen Ullsten,Q724410,1978-10-18,1979-10-12
Sveriges justitieminister,Regeringen Palme II,Q1796120,1983-11-11,1983-11-15
Sveriges jordbruksminister,Regeringen Palme II,Q5967249,1982-10-08,1986-10-09
Sveriges justitieminister,Regeringen Fälldin III,Q3658738,1981-05-05,1982-10-08
Sveriges ekonomiminister,Regeringen Fälldin II,Q263366,1979-10-12,1981-05-05
Statsministerns ställföretädare,Regeringen Fälldin II,Q53733,1980-08-01,1982-10-08
Sveriges justitieminister,Regeringen Palme II,Q6239734,1983-01-01,1987-10-19
Sveriges minister för nordiskt samarbete,Regeringen Ullsten,Q5788984,1978-10-18,1979-10-12
Sveriges handelsminister,Regeringen Fälldin II,Q5590197,1979-10-12,1981-05-05
statssekreterare,Regeringen Ullsten,Q60971016,1976-01-01,1979-01-01
Sveriges jordbruksminister,Regeringen Fälldin II,Q4753755,1979-10-12,1982-10-04
Sveriges minister för nordiskt samarbete,Regeringen Fälldin II,Q5590197,1979-10-12,1981-05-05
Sveriges invandrarminister,Regeringen Palme II,Q459226,1982-10-08,1986-10-10
Sveriges ungdomsminister,Regeringen Fälldin III,Q4982841,1981-05-22,1982-10-08
Sveriges kommunikationsminister,Regeringen Fälldin III,Q4352320,1981-05-22,1982-10-08
Sveriges ekonomiminister,Regeringen Ullsten,Q5996964,1978-10-18,1979-10-12
konsultativt statsråd,Regeringen Fälldin III,Q2021126,1979-10-12,1982-10-08
Sveriges jämställdhetsminister,Regeringen Palme II,Q459226,1982-10-08,1986-10-10
Sveriges skolminister,Regeringen Palme II,Q5780291,1982-10-08,1989-01-30
Sveriges löneminister,Regeringen Ullsten,Q4990079,1978-10-18,1979-10-12
Sveriges utbildningsminister,Regeringen Ullsten,Q6340136,1976-10-08,1982-10-08
Sveriges sjukvårdsminister,Regeringen Ullsten,Q4962326,1978-10-18,1979-10-12
Sveriges finansminister,Regeringen Palme II,Q927466,1983-01-01,1990-02-16
Sveriges minister för nordiskt samarbete,Regeringen Palme II,Q5967249,1982-10-08,1986-10-10
konsultativt statsråd,Regeringen Fälldin II,Q2021126,1979-10-12,1982-10-08
Sveriges planminister,Regeringen Fälldin II,Q5616559,1979-10-12,1981-05-05
Sveriges ekonomiminister,Regeringen Palme II,Q927466,1982-10-08,1982-12-31
Sveriges biträdande industriminister,Regeringen Palme II,Q5603378,1982-10-08,1985-09-30
Sveriges handelsminister,Regeringen Ullsten,Q5604013,1978-10-18,1979-10-12
Sveriges arbetsmarknadsminister,Regeringen Ullsten,Q6244910,1978-03-07,1980-07-31
Sveriges sjukvårdsminister,Regeringen Fälldin II,Q4954452,1979-10-12,1981-05-05
Sveriges samfundsminister,Regeringen Palme II,Q887398,1982-10-08,1988-10-04
Sveriges budgetminister,Regeringen Ullsten,Q5996964,1976-11-25,1980-07-31
Sveriges sjukvårdsminister,Regeringen Fälldin III,Q4934607,1981-05-22,1982-10-08
Sveriges kommunikationsminister,Regeringen Palme II,Q5603378,1985-07-01,1985-10-17
Sveriges samfundsminister,Regeringen Ullsten,Q5788984,1978-10-18,1979-10-12
Sveriges ekonomiminister,Regeringen Fälldin III,Q6244910,1981-05-05,1982-10-08
Sveriges försvarsminister,Regeringen Palme II,Q5603378,1985-10-14,1991-10-04
Sveriges näringsminister,Regeringen Palme II,Q2408431,1982-10-08,1988-09-30
Sveriges konsumentminister,Regeringen Palme II,Q5885510,1985-10-15,1988-10-04
Sveriges budgetminister,Regeringen Palme II,Q927466,1982-10-08,1982-12-31
Sveriges arbetsmarknadsminister,Regeringen Fälldin III,Q5708784,1980-07-31,1982-10-08
Sveriges löneminister,Regeringen Fälldin III,Q2021126,1979-10-12,1982-10-08
Sveriges utrikesminister,Regeringen Palme II,Q1346478,1985-10-17,1991-10-04
Sveriges utrikesminister,Regeringen Fälldin III,Q53733,1979-10-12,1982-10-08
Sveriges löneminister,Regeringen Palme II,Q5885510,1985-10-15,1988-10-04
Sveriges bostadsminister,Regeringen Palme II,Q5777699,1982-10-08,1988-10-04
Sveriges kommunminister,Regeringen Ullsten,Q5788984,1978-10-18,1979-10-12
Sveriges kommunikationsminister,Regeringen Ullsten,Q4987638,1978-10-18,1979-10-12
Sveriges socialminister,Regeringen Persson,Q5854875,1998-11-16,2004-10-01
Sveriges näringsminister,Regeringen Persson,Q231413,2002-10-15,2002-10-21
Sveriges integrationsminister,Regeringen Persson,Q231413,2000-10-21,2004-10-21
Sveriges idrottsminister,Regeringen Persson,Q321595,2004-11-01,2006-10-06
Sveriges socialminister,Regeringen Persson,Q237522,1996-03-22,1998-10-01
Sveriges bostadsminister,Regeringen Persson,Q5854875,1998-10-06,1998-11-16
Sveriges energiminister,Regeringen Persson,Q231413,2004-10-21,2006-10-06
konsultativt statsråd,Regeringen Hansson IV,Q5715273,1945-07-31,1948-10-28
Sveriges kommunminister,Regeringen Persson,Q5854875,1998-10-07,1998-11-16
Sveriges justitieminister,Regeringen Carlsson I,Q2408431,1988-07-07,1988-09-30
Sveriges jämställdhetsminister,Regeringen Carlsson I,Q4982419,1987-10-19,1989-01-29
Sveriges socialminister,Regeringen Carlsson I,Q4982419,1990-01-11,1991-10-04
Sveriges försvarsminister,Regeringen Hansson IV,Q4731015,1945-07-31,1951-10-01
Sveriges konsumentminister,Regeringen Persson,Q5854875,1998-03-25,1998-10-07
Sveriges infrastrukturminister,Regeringen Persson,Q4967115,2002-10-16,2006-10-06
Sveriges demokratiminister,Regeringen Persson,Q231413,2002-10-21,2004-10-21
Sveriges bostadsminister,Regeringen Persson,Q3297193,1996-03-22,1998-10-07
Sveriges kulturminister,Regeringen Carlsson I,Q5780291,1982-10-08,1991-10-04
Sveriges utrikesminister,Regeringen Hansson IV,Q298317,1945-07-31,1962-09-19
Sveriges bostadsminister,Regeringen Persson,Q231413,2004-10-21,2006-10-06
Sveriges idrottsminister,Regeringen Persson,Q4967115,1998-10-07,2000-10-21
Sveriges justitieminister,Regeringen Carlsson I,Q6239734,1983-01-01,1987-10-19
Sveriges idrottsminister,Regeringen Persson,Q5854875,1998-03-25,1998-10-07
konsultativt statsråd,Regeringen Hansson IV,Q354112,1945-07-31,1947-04-11
konsultativt statsråd,Regeringen Hansson IV,Q5616687,1944-01-01,1952-01-01
Sveriges justitieminister,Regeringen Hansson IV,Q6252055,1945-07-31,1957-09-20
Sveriges invandrarminister,Regeringen Carlsson I,Q459226,1982-10-08,1986-10-10
Sveriges näringsminister,Regeringen Carlsson I,Q6014287,1988-10-04,1990-01-11
Sveriges skolminister,Regeringen Persson,Q3055916,2004-10-21,2006-10-06
Sveriges inrikesminister,Regeringen Persson,Q5854875,1998-10-06,1998-11-16
Sveriges folkhälsominister,Regeringen Persson,Q5887217,2002-10-21,2006-10-06
Sveriges socialminister,Regeringen Carlsson I,Q5816531,1989-01-29,1990-01-11
Sveriges utbildningsminister,Regeringen Carlsson I,Q5780291,1989-01-30,1991-10-04
Sveriges budgetminister,Regeringen Carlsson I,Q5713152,1988-10-04,1990-02-16
Sveriges jämställdhetsminister,Regeringen Carlsson I,Q459226,1982-10-08,1986-10-10
Sveriges skolminister,Regeringen Carlsson I,Q5780291,1982-10-08,1989-01-30
Sveriges handelsminister,Regeringen Hansson IV,Q152452,1945-07-31,1947-04-11
Sveriges finansminister,Regeringen Persson,Q320842,2004-10-31,2006-10-06
Sveriges finansminister,Regeringen Carlsson I,Q927466,1983-01-01,1990-02-16
Sveriges handelsminister,Regeringen Persson,Q879773,1996-03-22,1997-01-31
Sveriges justitieminister,Regeringen Persson,Q3141607,2000-10-11,2006-10-06
Sveriges utrikesminister,Regeringen Persson,Q2938797,2006-03-27,2006-04-24
Sveriges samordningsminister,Regeringen Persson,Q320842,2002-10-21,2004-10-21
Sveriges jämställdhetsminister,Regeringen Persson,Q4967115,1996-03-22,1998-10-07
Sveriges civilminister,Regeringen Carlsson I,Q5885510,1988-01-01,1991-01-01
Sveriges samfundsminister,Regeringen Carlsson I,Q887398,1982-10-08,1988-10-04
Sveriges biträdande socialminister,Regeringen Hansson IV,Q5995142,1945-07-31,1947-07-01
Sveriges jordbruksminister,Regeringen Hansson IV,Q6180686,1945-07-31,1948-10-29
Sveriges jämställdhetsminister,Regeringen Persson,Q231413,2002-10-21,2004-10-21
Sveriges finansminister,Regeringen Persson,Q5388933,1996-03-22,1999-04-12
Sveriges utrikesminister,Regeringen Persson,Q321595,2006-03-21,2006-03-27
Sveriges justitieminister,Regeringen Carlsson I,Q291648,1988-10-04,1991-10-04
Sveriges utrikeshandelsminister,Regeringen Carlsson I,Q459226,1986-10-10,1991-10-04
Sveriges ecklesiastikminister,Regeringen Hansson IV,Q53707,1945-07-31,1946-10-11
Sveriges bostadsminister,Regeringen Persson,Q3218127,1998-11-16,2004-10-21
Sveriges ungdomsminister,Regeringen Persson,Q4967115,1998-10-07,2000-10-21
Sveriges ungdomsminister,Regeringen Persson,Q5854875,1998-03-25,1998-10-07
Sveriges finansminister,Regeringen Carlsson I,Q5713152,1990-02-16,1990-02-27
Sveriges integrationsminister,Regeringen Persson,Q4967115,1998-10-07,2000-10-21
Sveriges socialminister,Regeringen Hansson IV,Q4570928,1939-12-13,1951-10-01
Sveriges integrationsminister,Regeringen Persson,Q5854875,1998-03-25,1998-10-06
Sveriges folkhushållningsminister,Regeringen Hansson IV,Q3373681,1941-03-07,1947-05-24
Sveriges försvarsminister,Regeringen Persson,Q879773,1997-02-01,2002-09-30
Sveriges försvarsminister,Regeringen Carlsson I,Q5603378,1985-10-14,1991-10-04
Sveriges invandrarminister,Regeringen Carlsson I,Q4964703,1989-01-29,1991-10-04
Sveriges samordningsminister,Regeringen Persson,Q321595,2005-01-01,2006-10-06
Sveriges näringsminister,Regeringen Carlsson I,Q2408431,1982-10-08,1988-09-30
Sveriges idrottsminister,Regeringen Persson,Q231413,2000-10-21,2004-10-21
Sveriges skolminister,Regeringen Persson,Q3297193,2002-01-16,2004-10-21
Sveriges jämställdhetsminister,Regeringen Carlsson I,Q4964703,1989-01-29,1991-10-04
Sveriges konsumentminister,Regeringen Carlsson I,Q5885510,1985-10-15,1988-10-04
Sveriges kommunikationsminister,Regeringen Hansson IV,Q241035,1945-07-31,1951-10-01
Sveriges EU-minister,Regeringen Persson,Q321595,2005-01-01,2006-10-06
Statsministerns ställföretädare,Regeringen Persson,Q5854875,2004-06-01,2004-10-01
Sveriges utrikesminister,Regeringen Persson,Q549955,2006-04-24,2006-10-06
Sveriges utrikesminister,Regeringen Carlsson I,Q1346478,1985-10-17,1991-10-04
Sveriges jordbruksminister,Regeringen Persson,Q3430022,1998-10-07,2002-10-21
Sveriges finansminister,Regeringen Persson,Q321595,1999-04-12,2004-10-21
Sveriges löneminister,Regeringen Carlsson I,Q5885510,1985-10-15,1988-10-04
Sveriges bostadsminister,Regeringen Carlsson I,Q5777699,1982-10-08,1988-10-04
Sveriges skatteminister,Regeringen Persson,Q3297193,1996-03-22,1998-10-07
Sveriges kulturminister,Regeringen Persson,Q320842,2004-09-13,2004-11-01
Sveriges inrikesminister,Regeringen Persson,Q3218127,1998-11-16,1998-12-31
Statsministerns ställföretädare,Regeringen Persson,Q3430022,2002-10-21,2003-10-30
Statsministerns ställföretädare,Regeringen Persson,Q321595,2004-11-01,2006-10-06
Sveriges kommunikationsminister,Regeringen Persson,Q4984124,1994-10-07,1998-10-07
Sveriges justitieminister,Regeringen Persson,Q460919,2000-09-21,2000-10-16
Sveriges utbildningsminister,Regeringen Persson,Q3297193,1998-10-06,2004-10-21
Sveriges migrationsminister,Regeringen Persson,Q3358782,2003-10-10,2006-10-06
Sveriges näringsminister,Regeringen Persson,Q3297193,2004-10-21,2006-10-06
Sveriges biståndsminister,Regeringen Persson,Q2938797,2003-10-10,2006-10-06
Sveriges arbetsmarknadsminister,Regeringen Carlsson I,Q4982419,1987-10-19,1990-01-11
Sveriges energiminister,Regeringen Carlsson I,Q4356302,1982-10-08,1990-02-27
Sveriges utrikesminister,Regeringen Persson,Q460919,1994-10-07,1998-10-07
Statsministerns ställföretädare,Regeringen Carlsson I,Q927466,1986-10-10,1990-02-16
Sveriges kommunikationsminister,Regeringen Carlsson I,Q5816531,1985-10-18,1989-01-29
Statsministerns ställföretädare,Regeringen Persson,Q460919,1995-11-17,2002-10-21
Sveriges arbetsrättsminister,Regeringen Persson,Q4967115,1996-03-22,1998-10-07
Sveriges arbetsmarknadsminister,Regeringen Persson,Q3430022,1996-03-22,1998-10-06
Sveriges kommunminister,Regeringen Persson,Q3218127,1998-11-16,2004-10-21
Sveriges invandrarminister,Regeringen Carlsson III,Q5579495,1994-10-07,1996-03-22
Sveriges energiminister,Regeringen Carl Bildt,Q1375199,1991-10-04,1994-10-07
Sveriges bostadsminister,Regeringen Carl Bildt,Q4916267,1991-10-04,1991-12-31
Sveriges biståndsminister,Regeringen Carl Bildt,Q944795,1991-10-04,1994-10-07
Sveriges handelsminister,Regeringen Palme II,Q4098206,1982-10-08,1982-12-31
Sveriges socialförsäkringsminister,Regeringen Carlsson III,Q4953085,1994-10-07,1996-03-22
Sveriges utrikeshandelsminister,Regeringen Palme II,Q5799722,1983-01-01,1986-10-09
Sveriges socialminister,Regeringen Carl Bildt,Q817241,1991-10-04,1994-10-07
konsultativt statsråd,Regeringen Hansson III,Q53707,1944-09-30,1945-07-31
Sveriges planminister,Regeringen Carl Bildt,Q4982742,1991-10-04,1994-06-16
Sveriges jämställdhetsminister,Regeringen Carl Bildt,Q4916267,1991-12-01,1993-01-01
Sveriges folkhushållningsminister,Regeringen Hansson III,Q5716548,1939-10-15,1941-03-07
Statsministerns ställföretädare,Regeringen Carlsson III,Q231413,1994-10-07,1995-11-16
Sveriges finansminister,Regeringen Carlsson III,Q53747,1994-10-07,1996-03-22
Sveriges biträdande justitieminister,Regeringen Carl Bildt,Q4961261,1991-10-04,1994-10-07
Sveriges minister för nordiskt samarbete,Regeringen Carlsson III,Q5799722,1994-10-07,1996-03-22
Sveriges kommunikationsminister,Regeringen Carl Bildt,Q571725,1991-10-04,1994-10-07
Sveriges finansminister,Regeringen Carl Bildt,Q273408,1991-10-04,1994-10-07
Sveriges EU-minister,Regeringen Carlsson III,Q5799722,1994-10-07,1996-03-22
Sveriges utbildningsminister,Regeringen Palme II,Q4098206,1985-10-17,1989-01-29
Sveriges jordbruksminister,Regeringen Carl Bildt,Q6027273,1991-10-04,1994-10-07
Sveriges samfundsminister,Regeringen Carlsson III,Q3115681,1994-10-07,2004-09-13
Sveriges civilminister,Regeringen Carl Bildt,Q4944305,1991-10-21,1994-10-07
Sveriges ecklesiastikminister,Regeringen Hansson III,Q5556673,1944-12-15,1945-07-31
Sveriges skolminister,Regeringen Carl Bildt,Q297850,1991-10-04,1994-10-07
Sveriges ungdomsminister,Regeringen Carlsson III,Q3115681,1994-10-07,1996-03-22
Sveriges jordbruksminister,Regeringen Branting III,Q5955664,1924-10-18,1926-06-07
Sveriges miljöminister,Regeringen Carl Bildt,Q4982742,1994-06-16,1994-10-02
Sveriges kulturminister,Regeringen Carl Bildt,Q4916267,1991-10-04,1994-10-07
Sveriges jämställdhetsminister,Regeringen Carlsson III,Q3115681,1994-10-07,1996-03-22
Sveriges justitieminister,Regeringen Carl Bildt,Q1780585,1991-10-04,1994-10-07
Sveriges skolminister,Regeringen Carlsson III,Q3369258,1994-10-07,1998-10-06
Sveriges utrikesminister,Regeringen Palme II,Q4098206,1982-10-08,1985-10-17
Sveriges ecklesiastikminister,Regeringen Branting III,Q6027656,1924-10-18,1926-06-07
Sveriges EU-minister,Regeringen Carl Bildt,Q5622212,1991-10-04,1994-10-07
Sveriges näringsminister,Regeringen Carlsson III,Q5555093,1996-02-05,1996-03-22
Sveriges ecklesiastikminister,Regeringen Hansson III,Q5563972,1939-12-13,1944-12-15
Sveriges konsumentminister,Regeringen Carl Bildt,Q4944305,1991-10-04,1994-10-07
Sveriges justitieminister,Regeringen Branting III,Q6018174,1924-01-01,1926-01-01
Sveriges socialminister,Regeringen Carlsson III,Q4982419,1994-10-07,1996-03-22
Sveriges samordningsminister,Regeringen Carlsson III,Q6019543,1994-10-07,1996-03-22
Sveriges socialminister,Regeringen Hansson III,Q4570928,1939-12-13,1951-10-01
Sveriges folkhushållningsminister,Regeringen Hansson III,Q3373681,1941-03-07,1947-05-24
Sveriges jordbruksminister,Regeringen Carlsson III,Q3430022,1994-10-07,1996-03-22
Sveriges jämställdhetsminister,Regeringen Carl Bildt,Q817241,1993-01-15,1994-10-07
Sveriges utrikesminister,Regeringen Branting III,Q298317,1924-10-18,1926-06-07
Sveriges miljöminister,Regeringen Carl Bildt,Q2021126,1991-10-04,1994-06-16
Sveriges handelsminister,Regeringen Hansson III,Q5716548,1941-03-07,1944-09-30
Sveriges minister för nordiskt samarbete,Regeringen Carl Bildt,Q5005171,1994-06-16,1994-10-07
konsultativt statsråd,Regeringen Hansson III,Q5572966,1939-12-13,1943-08-30
Sveriges skatteminister,Regeringen Carl Bildt,Q2448370,1991-10-04,1994-10-07
Sveriges energiminister,Regeringen Carlsson III,Q5555093,1994-10-07,1996-03-22
Sveriges civilminister,Regeringen Carlsson III,Q3115681,1994-10-07,1996-03-22
Sveriges sjukvårdsminister,Regeringen Carl Bildt,Q4931118,1991-10-04,1994-10-07
Sveriges miljöminister,Regeringen Carlsson III,Q208591,1994-10-07,1998-10-07
Sveriges biståndsminister,Regeringen Palme II,Q460919,1985-10-17,1991-10-04
Sveriges kommunikationsminister,Regeringen Carlsson III,Q4984124,1994-10-07,1998-10-07
Sveriges arbetsrättsminister,Regeringen Carlsson III,Q5579495,1994-10-07,1996-03-22
Sveriges kommunikationsminister,Regeringen Palme II,Q5583208,1982-01-01,1985-01-01
Sveriges utbildningsminister,Regeringen Carlsson III,Q6206776,1994-10-07,1998-10-06
Sveriges näringsminister,Regeringen Carl Bildt,Q1375199,1991-10-04,1994-10-07
Sveriges biståndsminister,Regeringen Carlsson III,Q3386964,1994-10-07,1999-06-11
Sveriges bostadsminister,Regeringen Carlsson III,Q5555093,1994-10-07,1996-03-21
Sveriges utrikesminister,Regeringen Carlsson III,Q460919,1994-10-07,1998-10-07
Sveriges justitieminister,Regeringen Hansson III,Q4353489,1936-09-28,1943-08-30
Sveriges justitieminister,Regeringen Carlsson III,Q291648,1994-10-07,2000-09-21
Sveriges socialförsäkringsminister,Regeringen Carl Bildt,Q4931118,1991-10-04,1994-10-07
Sveriges socialminister,Regeringen Branting III,Q4570928,1924-10-18,1926-06-07
Sveriges försvarsminister,Regeringen Branting III,Q53660,1924-10-18,1926-06-07
Sveriges utbildningsminister,Regeringen Palme II,Q460919,1982-10-08,1985-10-16
Sveriges utrikeshandelsminister,Regeringen Carlsson III,Q5799722,1994-10-07,1996-03-22
Sveriges miljöminister,Regeringen Carl Bildt,Q6027273,1994-10-02,1994-10-07
Sveriges invandrarminister,Regeringen Carl Bildt,Q4916267,1991-10-04,1994-10-07
Sveriges kommunikationsminister,Regeringen Branting III,Q16649624,1924-10-18,1926-06-07
Sveriges finansminister,Regeringen Branting III,Q6209474,1924-10-18,1925-05-05
Sveriges försvarsminister,Regeringen Carl Bildt,Q490785,1991-10-04,1994-10-07
Sveriges idrottsminister,Regeringen Carl Bildt,Q2448370,1991-10-04,1994-10-07
Sveriges ungdomsminister,Regeringen Carl Bildt,Q4944305,1991-10-04,1994-10-07
Sveriges handelsminister,Regeringen Branting III,Q53637,1924-10-18,1925-02-27
Sveriges minister för nordiskt samarbete,Regeringen Carl Bildt,Q2021126,1991-10-04,1994-06-16
Sveriges utrikeshandelsminister,Regeringen Carl Bildt,Q5622212,1991-10-04,1994-10-07
Statsministerns ställföretädare,Regeringen Carl Bildt,Q817241,1991-10-04,1994-10-07
Sveriges arbetsmarknadsminister,Regeringen Carlsson III,Q6196549,1994-10-07,1996-03-22
Sveriges utrikesminister,Regeringen Hansson III,Q1777531,1939-12-13,1945-07-31
Sveriges konsumentminister,Regeringen Carlsson III,Q3115681,1994-10-07,1996-03-22
Sveriges samfundsminister,Regeringen Carl Bildt,Q4944305,1991-10-04,1994-10-07
Sveriges utrikesminister,Regeringen Carl Bildt,Q455820,1991-10-04,1994-10-07
Sveriges justitieminister,Regeringen Hansson III,Q5572966,1943-08-30,1945-07-31
Sveriges försvarsminister,Regeringen Carlsson III,Q2408431,1994-10-07,1997-02-01
Sveriges utbildningsminister,Regeringen Carl Bildt,Q1830351,1991-10-04,1994-10-07
Sveriges försvarsminister,Regeringen Hansson III,Q6180686,1938-12-16,1945-07-31
Sveriges socialminister,Regeringen Palme II,Q4978577,1985-10-16,1989-01-29
Sveriges försvarsminister,Regeringen Palme II,Q5583208,1982-12-01,1983-01-17
Sveriges idrottsminister,Regeringen Carlsson III,Q3115681,1994-10-07,1996-03-22
Sveriges näringsminister,Regeringen Carlsson III,Q4126210,1994-10-07,1996-02-05
Sveriges arbetsmarknadsminister,Regeringen Carl Bildt,Q5005171,1991-10-04,1994-10-07
Sveriges kulturminister,Regeringen Carlsson III,Q237522,1994-10-07,1996-03-22
Sveriges sjukvårdsminister,Regeringen Palme II,Q4978577,1982-10-08,1985-10-16
Sveriges utrikesminister,Regeringen Persson,Q208591,1998-10-07,2003-09-11
Sveriges socialförsäkringsminister,Regeringen Persson,Q4959140,1996-03-22,1999-09-14
Sveriges integrationsminister,Regeringen Persson,Q6029071,2004-10-21,2006-10-06
Sveriges jämställdhetsminister,Regeringen Persson,Q6029071,2004-10-21,2006-10-06
konsultativt statsråd,Regeringen Hansson III,Q5616687,1944-01-01,1952-01-01
Sveriges näringsminister,Regeringen Persson,Q6196549,1996-03-22,1998-10-07
Sveriges sjöförsvarsminister,Regeringen Branting I,Q4894168,1920-03-10,1920-07-01
Sveriges demokratiminister,Regeringen Persson,Q4961658,1998-10-07,2002-10-15
Statsministerns ställföretädare,Regeringen Persson,Q3115681,2003-10-31,2004-05-31
Sveriges utrikesminister,Regeringen Branting I,Q1807154,1920-03-10,1920-10-27
Sveriges handelsminister,Regeringen Hansson III,Q179493,1944-09-30,1945-07-31
Sveriges jordbruksminister,Regeringen Persson,Q4991027,1996-03-22,1998-10-07
Sveriges försvarsminister,Regeringen Branting I,Q53660,1920-07-01,1920-10-27
Sveriges minister för nordiskt samarbete,Regeringen Persson,Q4891887,2002-10-21,2006-10-06
Sveriges finansmarknadsminister,Regeringen Persson,Q5619080,2002-10-21,2004-10-21
Sveriges försvarsminister,Regeringen Persson,Q2408431,1994-10-07,1997-02-01
Sveriges kommunikationsminister,Regeringen Branting I,Q20760558,1920-07-01,1920-10-27
Sveriges samordningsminister,Regeringen Persson,Q3296958,1996-03-22,1997-02-01
Sveriges jämställdhetsminister,Regeringen Persson,Q3430022,1998-10-07,2002-10-21
Statsministerns ställföretädare,Regeringen Persson,Q291648,2004-10-01,2004-11-01
Sveriges lantförsvarsminister,Regeringen Branting I,Q53660,1920-07-01,1920-07-01
Sveriges jordbruksminister,Regeringen Branting II,Q5955664,1921-10-13,1923-04-19
Sveriges migrationsminister,Regeringen Persson,Q3386964,1996-03-22,1999-09-14
Sveriges socialminister,Regeringen Persson,Q4891887,2004-10-01,2006-10-06
Sveriges kommunikationsminister,Regeringen Hansson III,Q5623378,1944-01-01,1945-01-01
Sveriges utrikesminister,Regeringen Branting II,Q53620,1921-10-13,1923-04-19
Sveriges jordbruksminister,Regeringen Hansson III,Q53701,1936-06-19,1945-07-31
Sveriges ecklesiastikminister,Regeringen Branting I,Q6027656,1919-11-28,1920-10-27
Sveriges utbildningsminister,Regeringen Persson,Q3296958,2004-10-21,2006-10-06
Sveriges ecklesiastikminister,Regeringen Branting II,Q6027656,1921-10-13,1923-04-19
Sveriges kommunikationsminister,Regeringen Hansson III,Q1555406,1939-12-13,1944-09-30
Sveriges biträdande socialminister,Regeringen Persson,Q4891887,2002-10-21,2004-10-01
Sveriges justitieminister,Regeringen Branting I,Q6255333,1920-01-01,1920-01-01
konsultativt statsråd,Regeringen Branting II,Q6018174,1921-10-13,1923-04-19
Sveriges migrationsminister,Regeringen Persson,Q1232072,2002-01-07,2003-10-10
Sveriges socialminister,Regeringen Persson,Q4959140,1998-10-26,1998-11-16
Sveriges migrationsminister,Regeringen Persson,Q4959140,1999-09-14,2001-11-16
Sveriges samordningsminister,Regeringen Persson,Q2408431,1997-02-01,1998-10-07
Sveriges energiminister,Regeringen Persson,Q3296958,2002-10-21,2004-10-21
Sveriges utrikesminister,Regeringen Persson,Q1232072,2003-09-11,2003-10-10
Sveriges näringsminister,Regeringen Persson,Q3374466,1998-10-07,2002-10-15
Sveriges arbetsmarknadsminister,Regeringen Persson,Q3374466,1998-10-06,2002-10-06
Sveriges socialförsäkringsminister,Regeringen Persson,Q4982419,1999-09-14,2002-10-10
Sveriges konsumentminister,Regeringen Persson,Q5579495,1996-03-22,1998-03-02
Sveriges inrikesminister,Regeringen Persson,Q5555093,1996-07-01,1998-10-06
Sveriges ungdomsminister,Regeringen Persson,Q3431836,2002-10-21,2006-10-06
Sveriges utrikeshandelsminister,Regeringen Persson,Q3296958,1997-02-01,2002-10-21
Sveriges handelsminister,Regeringen Branting I,Q6209474,1920-07-01,1920-10-27
Sveriges jordbruksminister,Regeringen Branting I,Q6011492,1920-03-10,1920-10-27
Sveriges samfundsminister,Regeringen Persson,Q3115681,1994-10-07,2004-09-13
Sveriges energiminister,Regeringen Persson,Q6196549,1996-03-22,1998-10-07
Sveriges finansmarknadsminister,Regeringen Persson,Q3370194,2004-10-21,2006-10-06
Sveriges miljöminister,Regeringen Persson,Q537342,2002-10-21,2006-10-06
Sveriges idrottsminister,Regeringen Persson,Q5579495,1996-03-22,1998-03-02
Sveriges justitieminister,Regeringen Branting I,Q298317,1920-03-10,1920-06-30
Sveriges kommunminister,Regeringen Persson,Q3370194,2004-10-21,2006-10-06
konsultativt statsråd,Regeringen Branting II,Q6168210,1921-10-13,1923-04-19
Sveriges skolminister,Regeringen Persson,Q3369258,1994-10-07,1998-10-06
konsultativt statsråd,Regeringen Branting I,Q6018174,1920-03-10,1920-10-27
Sveriges försvarsminister,Regeringen Branting II,Q53660,1921-10-13,1923-04-19
Sveriges socialminister,Regeringen Persson,Q6196549,1998-10-07,1998-10-26
Sveriges biståndsminister,Regeringen Persson,Q1232072,2002-01-07,2003-10-09
Sveriges biståndsminister,Regeringen Persson,Q4959140,1999-09-14,2001-11-16
Sveriges socialminister,Regeringen Branting I,Q4894168,1920-07-01,1920-10-27
Sveriges kulturminister,Regeringen Persson,Q3296958,2004-11-01,2006-10-06
Sveriges kommunikationsminister,Regeringen Persson,Q3374466,1998-10-07,2002-10-16
Sveriges demokratiminister,Regeringen Persson,Q6029071,2004-10-21,2006-10-06
Sveriges sjukvårdsminister,Regeringen Persson,Q3369258,2004-10-01,2006-10-06
Sveriges handelsminister,Regeringen Branting II,Q20760558,1921-10-13,1923-04-19
Sveriges justitieminister,Regeringen Branting II,Q6255333,1921-01-01,1923-01-01
Sveriges kulturminister,Regeringen Persson,Q3115681,1996-03-22,2004-09-13
Sveriges utrikesminister,Regeringen Persson,Q291648,2003-10-10,2006-03-21
Sveriges energiminister,Regeringen Persson,Q3374466,1998-10-07,2002-10-15
Sveriges socialminister,Regeringen Branting II,Q3893038,1921-10-13,1923-04-19
Sveriges miljöminister,Regeringen Persson,Q208591,1994-10-07,1998-10-07
Sveriges ungdomsminister,Regeringen Persson,Q5579495,1996-03-22,1998-03-02
Sveriges konsumentminister,Regeringen Persson,Q547580,2002-10-21,2006-10-06
Sveriges ungdomsminister,Regeringen Persson,Q4961658,2000-10-16,2002-10-15
Sveriges utbildningsminister,Regeringen Persson,Q6206776,1994-10-07,1998-10-06
Sveriges civilminister,Regeringen Branting I,Q20760558,1920-03-10,1920-07-01
Sveriges miljöminister,Regeringen Persson,Q5937929,1998-10-07,2002-10-21
Sveriges samfundsminister,Regeringen Persson,Q3431836,2004-09-13,2006-10-06
Sveriges jordbruksminister,Regeringen Persson,Q547580,2002-10-21,2006-10-06
Sveriges biståndsminister,Regeringen Persson,Q3386964,1994-10-07,1999-06-11
Sveriges integrationsminister,Regeringen Persson,Q5579495,1996-03-22,1998-03-02
Sveriges justitieminister,Regeringen Persson,Q291648,1994-10-07,2000-09-21
Sveriges handelsminister,Regeringen Persson,Q3296958,1997-02-01,2002-10-21
Sveriges näringsminister,Regeringen Persson,Q3296958,2002-10-21,2004-10-21
Sveriges finansminister,Regeringen Branting I,Q53637,1920-06-30,1920-10-27
Sveriges handelsminister,Regeringen Hansson III,Q5623378,1939-01-01,1941-01-01
Sveriges konsumentminister,Regeringen Persson,Q4961658,1998-10-07,2002-10-15
Sveriges skolminister,Regeringen Persson,Q4990768,1998-10-07,2002-01-16
Sveriges finansminister,Regeringen Branting II,Q6209474,1921-10-13,1923-04-19
Sveriges finansminister,Regeringen Branting I,Q6209474,1918-01-05,1920-06-30
Sveriges arbetsmarknadsminister,Regeringen Fälldin I,Q1347731,1976-10-08,1978-03-07
Sveriges försvarsminister,Regeringen Erlander I,Q4731015,1945-07-31,1951-10-01
Sveriges invandrarminister,Regeringen Fälldin I,Q53733,1977-01-11,1978-03-07
Sveriges justitieminister,Regeringen Fälldin I,Q6077653,1976-10-08,1979-10-12
Sveriges ungdomsminister,Regeringen Carlsson II,Q237522,1988-10-04,1991-10-04
Sveriges justitieminister,Regeringen Fälldin II,Q6243875,1979-10-12,1981-05-05
konsultativt statsråd,Regeringen Erlander I,Q354112,1945-07-31,1947-04-11
konsultativt statsråd,Regeringen Erlander I,Q5616687,1944-01-01,1952-01-01
Sveriges finansminister,Regeringen Edén,Q6209474,1918-01-05,1920-06-30
Sveriges socialminister,Regeringen Carlsson II,Q4982419,1990-01-11,1991-10-04
Sveriges folkhushållningsminister,Regeringen Erlander I,Q5715273,1950-01-01,1950-06-30
Sveriges budgetminister,Regeringen Fälldin II,Q6244910,1980-08-01,1982-10-08
Sveriges utbildningsminister,Regeringen Fälldin II,Q6340136,1976-10-08,1982-10-08
Sveriges samfundsminister,Regeringen Carlsson II,Q237522,1988-10-04,1991-10-04
Statsministerns ställföretädare,Regeringen Carlsson II,Q5713152,1990-02-27,1991-10-04
Sveriges jordbruksminister,Regeringen Carlsson II,Q5799722,1986-10-10,1991-10-04
Sveriges näringsminister,Regeringen Carlsson II,Q5991125,1990-01-12,1991-10-04
Sveriges energiminister,Regeringen Carlsson II,Q5991125,1990-02-27,1991-10-04
Sveriges folkhushållningsminister,Regeringen Erlander I,Q4959336,1948-10-29,1949-12-31
Sveriges handelsminister,Regeringen Fälldin I,Q5590197,1976-10-08,1978-10-18
Sveriges finansminister,Regeringen Edén,Q53620,1917-10-19,1918-01-05
Sveriges bostadsminister,Regeringen Fälldin I,Q4971112,1976-10-08,1978-10-18
Sveriges jordbruksminister,Regeringen Fälldin I,Q4753755,1976-10-08,1978-10-18
Sveriges kulturminister,Regeringen Carlsson II,Q5780291,1982-10-08,1991-10-04
Sveriges skolminister,Regeringen Fälldin I,Q4967758,1976-10-08,1978-10-18
Sveriges handelsminister,Regeringen Erlander I,Q152452,1945-07-31,1947-04-11
Sveriges handelsminister,Regeringen Fälldin II,Q6340136,1981-05-05,1981-05-22
Sveriges utrikeshandelsminister,Regeringen Erlander I,Q1267,1951-02-06,1953-04-08
Sveriges arbetsmarknadsminister,Regeringen Fälldin II,Q6244910,1978-03-07,1980-07-31
Sveriges finansminister,Regeringen Carlsson II,Q4730772,1990-02-27,1991-10-04
Sveriges socialminister,Regeringen Fälldin II,Q468538,1979-10-12,1982-10-08
Sveriges jordbruksminister,Regeringen Hansson II,Q53701,1936-06-19,1945-07-31
Sveriges invandrarminister,Regeringen Fälldin II,Q1727737,1979-10-12,1982-10-08
Sveriges folkhushållningsminister,Regeringen Erlander I,Q354112,1947-05-24,1948-10-29
Sveriges landsbygdsminister,Regeringen Edén,Q4723287,1917-10-19,1920-03-10
Sveriges samfundsminister,Regeringen Fälldin I,Q3742570,1976-10-08,1978-10-18
Sveriges jämställdhetsminister,Regeringen Fälldin II,Q1727737,1979-10-12,1982-10-08
Sveriges utrikesminister,Regeringen Edén,Q5799445,1917-10-19,1920-03-10
Sveriges utbildningsminister,Regeringen Carlsson II,Q5780291,1989-01-30,1991-10-04
Sveriges biträdande socialminister,Regeringen Erlander I,Q5995142,1945-07-31,1947-07-01
Sveriges biståndsminister,Regeringen Carlsson II,Q460919,1985-10-17,1991-10-04
Sveriges budgetminister,Regeringen Carlsson II,Q5388933,1990-02-27,1991-10-04
Statsministerns ställföretädare,Regeringen Fälldin I,Q1347731,1976-10-08,1978-03-07
statssekreterare,Regeringen Fälldin I,Q60971016,1976-01-01,1979-01-01
Sveriges bostadsminister,Regeringen Löfven I,Q4822657,2014-10-03,2016-04-18
Sveriges ecklesiastikminister,Regeringen Edén,Q6027656,1919-11-28,1920-10-27
Sveriges biträdande finansminister,Regeringen Fälldin I,Q5996964,1976-10-08,1976-11-25
Sveriges sjukvårdsminister,Regeringen Fälldin I,Q517762,1976-10-08,1978-10-18
Sveriges ecklesiastikminister,Regeringen Erlander I,Q6338909,1946-10-11,1951-03-08
Sveriges utrikesminister,Regeringen Fälldin I,Q468538,1976-10-08,1978-10-18
Sveriges energiminister,Regeringen Fälldin II,Q3658738,1979-11-06,1981-05-22
konsultativt statsråd,Regeringen Erlander I,Q4959336,1947-04-11,1948-10-28
Sveriges finansminister,Regeringen Fälldin I,Q263366,1976-10-08,1976-11-24
Sveriges civilminister,Regeringen Carlsson II,Q5885510,1988-01-01,1991-01-01
konsultativt statsråd,Regeringen Edén,Q298317,1917-10-19,1920-03-10
Sveriges kommunminister,Regeringen Fälldin I,Q3742570,1976-10-08,1978-10-18
Sveriges folkhushållningsminister,Regeringen Erlander I,Q3373681,1941-03-07,1947-05-24
Sveriges skolminister,Regeringen Fälldin II,Q4967758,1979-10-12,1981-05-05
Sveriges utbildningsminister,Regeringen Fälldin I,Q6340136,1976-10-08,1982-10-08
Sveriges bostadsminister,Regeringen Carlsson II,Q5969868,1988-10-04,1991-10-04
Sveriges justitieminister,Regeringen Fälldin II,Q3658738,1981-05-05,1982-10-08
Sveriges lantförsvarsminister,Regeringen Edén,Q6009015,1917-10-19,1920-03-10
Sveriges justitieminister,Regeringen Carlsson II,Q291648,1988-10-04,1991-10-04
Sveriges utrikeshandelsminister,Regeringen Carlsson II,Q459226,1986-10-10,1991-10-04
Sveriges civilminister,Regeringen Edén,Q5811763,1919-11-28,1920-03-10
Statsministerns ställföretädare,Regeringen Fälldin I,Q53733,1978-03-07,1978-10-18
Sveriges justitieminister,Regeringen Edén,Q5360742,1917-10-19,1920-03-10
Sveriges arbetsmarknadsminister,Regeringen Fälldin I,Q6244910,1978-03-07,1980-07-31
Sveriges miljöminister,Regeringen Carlsson II,Q4356302,1986-03-12,1991-10-04
Sveriges biträdande jordbruksminister,Regeringen Erlander I,Q354112,1946-10-11,1947-04-11
Sveriges försvarsminister,Regeringen Carlsson II,Q5603378,1985-10-14,1991-10-04
Sveriges invandrarminister,Regeringen Carlsson II,Q4964703,1989-01-29,1991-10-04
Sveriges konsumentminister,Regeringen Carlsson II,Q237522,1988-10-04,1991-10-04
Sveriges digitaliseringsminister,Regeringen Löfven I,Q4822657,2014-10-03,2016-04-18
Sveriges socialminister,Regeringen Fälldin I,Q5778433,1976-10-08,1978-10-18
Sveriges jämställdhetsminister,Regeringen Carlsson II,Q4964703,1989-01-29,1991-10-04
Sveriges budgetminister,Regeringen Fälldin I,Q5996964,1976-11-25,1980-07-31
Sveriges skolminister,Regeringen Carlsson II,Q53747,1989-01-29,1991-10-04
Sveriges utrikesminister,Regeringen Carlsson II,Q1346478,1985-10-17,1991-10-04
Sveriges biståndsminister,Regeringen Fälldin I,Q53733,1976-10-08,1978-10-18
Sveriges ecklesiastikminister,Regeringen Edén,Q6085444,1917-10-19,1919-11-28
Sveriges handelsminister,Regeringen Erlander I,Q5715273,1948-10-28,1955-09-12
Sveriges energiminister,Regeringen Fälldin I,Q2021126,1976-10-08,1978-10-18
Sveriges invandrarminister,Regeringen Fälldin I,Q1347731,1976-10-08,1977-01-11
Sveriges sjöförsvarsminister,Regeringen Edén,Q1807154,1917-10-19,1920-03-10
Sveriges kommunikationsminister,Regeringen Fälldin I,Q6216923,1976-10-08,1978-10-18
Sveriges inrikesminister,Regeringen Erlander I,Q5995142,1947-07-01,1951-10-01
Sveriges civilminister,Regeringen Edén,Q6169057,1917-10-19,1919-11-28
Sveriges idrottsminister,Regeringen Carlsson II,Q5969868,1986-10-10,1991-10-04
Sveriges handelsminister,Regeringen Erlander I,Q3373681,1947-05-24,1948-09-24
Sveriges invandrarminister,Regeringen Fälldin I,Q6244910,1978-03-07,1978-10-18
Sveriges straffrättsminister,Regeringen Fälldin II,Q3658738,1979-11-06,1981-05-22
Sveriges näringsminister,Regeringen Fälldin I,Q6255950,1976-10-08,1978-10-18
Sveriges arbetsmarknadsminister,Regeringen Carlsson II,Q231413,1990-01-11,1991-10-04
Sveriges jämställdhetsminister,Regeringen Fälldin I,Q6244910,1978-03-07,1978-10-18
Sveriges jämställdhetsminister,Regeringen Fälldin I,Q1347731,1976-10-08,1978-03-07
Sveriges minister för nordiskt samarbete,Regeringen Fälldin I,Q3742570,1976-10-08,1978-10-18
Sveriges bostadsminister,Regeringen Fälldin I,Q4916267,1978-10-18,1982-10-08
konsultativt statsråd,Regeringen Erlander I,Q5715273,1945-07-31,1948-10-28
Sveriges ekonomiminister,Regeringen Fälldin I,Q263366,1976-11-25,1978-10-18
Sveriges infrastrukturminister,Regeringen Löfven I,Q4956893,2014-10-03,2017-07-27
Sveriges utrikesminister,Regeringen Palme I,Q953952,1973-11-03,1976-10-08
Sveriges miljöminister,Regeringen Löfven I,Q271230,2014-10-03,2016-05-25
Sveriges samfundsminister,Regeringen Palme I,Q5777699,1973-11-03,1976-10-08
Sveriges samfundsminister,Regeringen Palme I,Q5777713,1973-11-03,1976-10-08
Sveriges civilminister,Regeringen Löfven II,Q4967237,2019-10-01,2021-11-30
Statsministerns ställföretädare,Regeringen Löfven I,Q237522,2014-10-03,2019-09-10
Sveriges folkhushållningsminister,Regeringen Hansson II,Q5716548,1939-10-15,1941-03-07
Sveriges kommunikationsminister,Regeringen Palme I,Q6017016,1969-07-01,1976-10-08
Sveriges utrikesminister,Regeringen Erlander I,Q298317,1945-07-31,1962-09-19
Sveriges inrikesminister,Regeringen Löfven I,Q5887217,2017-07-27,2019-01-21
Sveriges civilminister,Regeringen Erlander I,Q5959211,1950-07-01,1954-11-29
Sveriges utrikesminister,Regeringen Hansson II,Q53637,1936-09-28,1939-12-13
Sveriges justitieminister,Regeringen Erlander I,Q6252055,1945-07-31,1957-09-20
Sveriges näringsminister,Regeringen Palme I,Q3376192,1969-01-01,1971-06-30
Sveriges finansmarknadsminister,Regeringen Löfven II,Q5581337,2014-10-03,2021-02-05
Sveriges biståndsminister,Regeringen Löfven I,Q241208,2014-10-03,2019-01-21
konsultativt statsråd,Regeringen Hansson II,Q5716548,1938-09-01,1939-10-14
Sveriges kommunikationsminister,Regeringen Hansson II,Q6192576,1938-12-16,1939-12-13
Sveriges arbetsmarknadsminister,Regeringen Palme I,Q707581,1974-01-01,1976-10-08
Sveriges minister för nordiskt samarbete,Regeringen Löfven I,Q4972535,2014-10-03,2016-05-25
Sveriges migrationsminister,Regeringen Löfven I,Q4949040,2017-07-27,2019-01-21
Sveriges handelsminister,Regeringen Palme I,Q927466,1970-10-09,1975-10-27
Sveriges EU-minister,Regeringen Löfven I,Q18243775,2016-05-25,2019-01-21
Sveriges samordningsminister,Regeringen Palme I,Q5950208,1975-01-01,1975-11-01
Sveriges justitieminister,Regeringen Löfven I,Q5887217,2014-10-03,
Sveriges näringsminister,Regeringen Palme I,Q5887636,1971-06-30,1976-10-08
Sveriges kommunikationsminister,Regeringen Hansson II,Q4710223,1936-09-28,1938-12-16
Sveriges idrottsminister,Regeringen Löfven I,Q6241556,2014-10-03,2017-07-27
Sveriges inrikesminister,Regeringen Palme I,Q707581,1973-11-03,1973-12-31
Sveriges jordbruksminister,Regeringen Palme I,Q5967249,1973-11-03,1976-10-08
Sveriges jämställdhetsminister,Regeringen Löfven I,Q3431836,2018-03-08,2019-01-21
Sveriges finansminister,Regeringen Erlander I,Q6180686,1949-10-21,1955-09-12
Sveriges finansminister,Regeringen Löfven I,Q4935873,2014-10-03,2021-11-30
Sveriges löneminister,Regeringen Palme I,Q5969341,1969-10-14,1975-11-01
Statsministerns ställföretädare,Regeringen Palme I,Q354112,1975-01-01,1976-10-08
Sveriges jordbruksminister,Regeringen Erlander I,Q6180686,1945-07-31,1948-10-29
konsultativt statsråd,Regeringen Erlander I,Q953952,1948-10-28,1951-10-01
Sveriges inrikesminister,Regeringen Löfven I,Q3375050,2014-10-03,2017-07-27
Sveriges utbildningsminister,Regeringen Palme I,Q6250583,1973-11-03,1976-10-08
Sveriges civilminister,Regeringen Palme I,Q5967249,1969-07-01,1973-11-03
Sveriges minister för nordiskt samarbete,Regeringen Palme I,Q927466,1970-10-03,1976-10-08
Sveriges migrationsminister,Regeringen Löfven I,Q5887217,2014-10-03,2017-07-27
Sveriges biståndsminister,Regeringen Palme I,Q4978577,1973-11-03,1976-10-08
Sveriges samordningsminister,Regeringen Erlander I,Q6180686,1948-10-28,1949-10-21
Sveriges minister för nordiskt samarbete,Regeringen Löfven I,Q237522,2016-05-25,2019-01-21
Sveriges samordningsminister,Regeringen Löfven I,Q3055916,2016-05-25,2019-01-21
Sveriges inrikesminister,Regeringen Palme I,Q2345137,1969-01-25,1973-11-03
Sveriges socialminister,Regeringen Erlander I,Q4570928,1939-12-13,1951-10-01
Sveriges handelsminister,Regeringen Palme I,Q5950208,1975-11-10,1976-10-08
Sveriges socialminister,Regeringen Hansson II,Q4570928,1936-09-28,1938-12-16
Sveriges jordbruksminister,Regeringen Erlander I,Q354112,1948-10-30,1951-10-01
Sveriges samordningsminister,Regeringen Palme I,Q2408431,1975-11-01,1976-10-08
Sveriges ecklesiastikminister,Regeringen Erlander I,Q4970543,1951-03-17,1951-10-01
Sveriges kommunikationsminister,Regeringen Erlander I,Q241035,1945-07-31,1951-10-01
Sveriges utrikesminister,Regeringen Palme I,Q3376192,1971-06-30,1973-11-03
Sveriges näringsminister,Regeringen Löfven I,Q3372917,2014-10-03,2019-01-21
Sveriges invandrarminister,Regeringen Palme I,Q4970788,1967-01-09,1973-11-03
Sveriges kommunminister,Regeringen Palme I,Q5777699,1974-01-01,1976-10-08
Sveriges socialminister,Regeringen Hansson II,Q4710223,1938-12-16,1939-12-13
Sveriges justitieminister,Regeringen Hansson II,Q4353489,1936-09-28,1943-08-30
Sveriges handelsminister,Regeringen Hansson II,Q6180686,1936-09-28,1938-12-16
Sveriges socialförsäkringsminister,Regeringen Löfven I,Q4980750,2014-10-03,2019-10-01
Sveriges bostadsminister,Regeringen Löfven I,Q5581337,2016-04-18,2016-05-25
Sveriges finansminister,Regeringen Palme I,Q354112,1955-09-12,1976-10-08
Sveriges handelsminister,Regeringen Hansson II,Q4570928,1938-12-16,1939-12-13
Sveriges bostadsminister,Regeringen Löfven I,Q470630,2016-05-25,2019-01-21
Sveriges försvarsminister,Regeringen Palme I,Q2345137,1973-01-01,1976-01-01
Sveriges handelsminister,Regeringen Löfven I,Q18243775,2016-05-25,2019-09-10
Sveriges civilminister,Regeringen Löfven I,Q4787806,2014-10-03,2019-09-30
Sveriges miljöminister,Regeringen Löfven I,Q4979119,2016-05-25,2019-01-21
Sveriges socialminister,Regeringen Palme I,Q5561426,1962-09-19,1976-10-08
Sveriges skolminister,Regeringen Palme I,Q5989925,1967-09-29,1973-11-03
Sveriges miljöminister,Regeringen Löfven II,Q5581337,2021-02-05,2021-11-30
Sveriges justitieminister,Regeringen Palme I,Q2130664,1969-10-14,1976-10-08
Sveriges konsumentminister,Regeringen Löfven I,Q5581337,2014-10-03,2019-01-21
Sveriges utbildningsminister,Regeringen Palme I,Q53740,1969-10-14,1973-11-02
Sveriges finansmarknadsminister,Regeringen Löfven I,Q5581337,2014-10-03,2021-02-05
Sveriges finansminister,Regeringen Erlander I,Q5783838,1949-07-01,1949-10-17
Sveriges jordbruksminister,Regeringen Palme I,Q707581,1969-01-25,1973-11-02
Sveriges handelsminister,Regeringen Palme I,Q6146893,1955-09-12,1970-10-09
Sveriges socialminister,Regeringen Löfven I,Q4980750,2017-07-27,2019-01-21
Sveriges invandrarminister,Regeringen Palme I,Q1796120,1973-11-03,1976-10-08
Sveriges bostadsminister,Regeringen Palme I,Q53740,1974-01-01,1976-10-08
Sveriges utrikesminister,Regeringen Löfven I,Q237522,2014-10-03,2019-09-10
Sveriges energiminister,Regeringen Löfven I,Q3055916,2014-10-03,2019-01-21
Sveriges idrottsminister,Regeringen Löfven I,Q24018140,2019-01-21,2021-11-30
Sveriges jämställdhetsminister,Regeringen Palme I,Q1796120,1973-11-03,1976-10-08
Sveriges försvarsminister,Regeringen Palme I,Q953952,1957-03-22,1973-10-31
Sveriges landsbygdsminister,Regeringen Löfven II,Q4563096,2019-01-21,2021-06-30
Sveriges försvarsminister,Regeringen Hansson II,Q6180686,1938-12-16,1945-07-31
Sveriges digitaliseringsminister,Regeringen Löfven I,Q5581337,2016-04-18,2016-05-25
Sveriges ungdomsminister,Regeringen Palme I,Q4970788,1969-10-14,1973-11-03
Sveriges digitaliseringsminister,Regeringen Löfven I,Q470630,2016-05-25,2019-01-21
konsultativt statsråd,Regeringen Erlander I,Q5959211,1950-01-04,1950-07-01
konsultativt statsråd,Regeringen Palme I,Q5950208,1969-10-14,1974-12-31
Sveriges samfundsminister,Regeringen Palme I,Q152437,1969-10-14,1973-11-03
Sveriges civilminister,Regeringen Löfven III,Q4967237,2019-10-01,2021-11-30
Sveriges utrikesminister,Regeringen Palme I,Q241035,1962-09-19,1971-06-30
Sveriges löneminister,Regeringen Palme I,Q927466,1975-11-01,1976-10-08
Sveriges minister för nordiskt samarbete,Regeringen Löfven II,Q18243775,2019-01-21,2019-09-10
Sveriges socialförsäkringsminister,Regeringen Löfven II,Q4980750,2014-10-03,2019-10-01
Sveriges biståndsminister,Regeringen Löfven II,Q19977122,2021-02-05,2021-11-30
Sveriges kulturminister,Regeringen Löfven III,Q24018140,2019-01-21,2021-11-30
Sveriges handelsminister,Regeringen Löfven II,Q18243775,2016-05-25,2019-09-10
Sveriges civilminister,Regeringen Löfven II,Q4787806,2014-10-03,2019-09-30
Sveriges socialförsäkringsminister,Regeringen Löfven III,Q4787806,2019-10-01,
Sveriges skolminister,Regeringen Andersson,Q23915324,2021-11-30,
Sveriges infrastrukturminister,Regeringen Löfven II,Q5711551,2017-07-27,
Sveriges arbetsmarknadsminister,Regeringen Löfven I,Q3369258,2014-10-03,2019-09-10
Sveriges integrationsminister,Regeringen Löfven I,Q3369258,2016-05-25,2019-01-21
Sveriges kulturminister,Regeringen Löfven II,Q24018140,2019-01-21,2021-11-30
Sveriges infrastrukturminister,Regeringen Andersson,Q5711551,2017-07-27,
Sveriges demokratiminister,Regeringen Löfven III,Q24018140,2019-01-21,2021-11-30
Sveriges bostadsminister,Regeringen Löfven III,Q64524335,2021-02-05,2021-11-30
Sveriges socialförsäkringsminister,Regeringen Löfven II,Q4787806,2019-10-01,
Sveriges ungdomsminister,Regeringen Löfven I,Q18176335,2014-10-03,2016-08-15
Sveriges socialförsäkringsminister,Regeringen Andersson,Q4787806,2019-10-01,
Sveriges ungdomsminister,Regeringen Löfven I,Q4953463,2016-08-15,2016-09-13
Sveriges sjukvårdsminister,Regeringen Löfven I,Q6241556,2014-10-03,2017-07-27
Sveriges demokratiminister,Regeringen Löfven II,Q24018140,2019-01-21,2021-11-30
Sveriges samfundsminister,Regeringen Löfven I,Q4725739,2014-10-03,2019-01-21
Sveriges bostadsminister,Regeringen Löfven II,Q64524335,2021-02-05,2021-11-30
Sveriges utbildningsminister,Regeringen Löfven III,Q4946204,2019-01-21,
Sveriges bostadsminister,Regeringen Löfven II,Q5581337,2019-01-21,2021-02-05
Sveriges arbetsmarknadsminister,Regeringen Löfven III,Q4970111,2019-09-10,
Sveriges inrikesminister,Regeringen Löfven III,Q3372917,2019-01-21,2021-11-30
Sveriges näringsminister,Regeringen Löfven III,Q3055916,2019-01-21,2021-11-30
Sveriges jämställdhetsminister,Regeringen Löfven III,Q64524335,2021-02-05,2021-11-30
Statsministerns ställföretädare,Regeringen Löfven III,Q5887217,2019-09-10,2021-11-30
Sveriges utbildningsminister,Regeringen Löfven II,Q4946204,2019-01-21,
Sveriges EU-minister,Regeringen Löfven III,Q5615474,2021-07-09,
Sveriges energiminister,Regeringen Löfven III,Q3375050,2019-01-21,2021-11-30
Sveriges jämställdhetsminister,Regeringen Löfven I,Q18177071,2014-10-03,2018-03-08
Sveriges arbetsmarknadsminister,Regeringen Löfven II,Q4970111,2019-09-10,
Sveriges inrikesminister,Regeringen Löfven II,Q3372917,2019-01-21,2021-11-30
Statsministerns ställföretädare,Regeringen Löfven II,Q237522,2014-10-03,2019-09-10
Sveriges högskoleminister,Regeringen Löfven I,Q4953463,2014-10-03,2019-01-21
Sveriges utbildningsminister,Regeringen Andersson,Q4946204,2019-01-21,
Sveriges näringsminister,Regeringen Löfven II,Q3055916,2019-01-21,2021-11-30
Sveriges arbetsmarknadsminister,Regeringen Löfven II,Q3369258,2014-10-03,2019-09-10
Sveriges arbetsmarknadsminister,Regeringen Andersson,Q4970111,2019-09-10,
Sveriges jämställdhetsminister,Regeringen Löfven II,Q64524335,2021-02-05,2021-11-30
Statsministerns ställföretädare,Regeringen Löfven II,Q5887217,2019-09-10,2021-11-30
Sveriges energiminister,Regeringen Löfven II,Q3375050,2019-01-21,2021-11-30
Sveriges folkhälsominister,Regeringen Löfven I,Q6241556,2014-10-03,2017-07-27
Sveriges utrikesminister,Regeringen Löfven III,Q18243775,2019-09-10,
Sveriges justitieminister,Regeringen Löfven III,Q5887217,2014-10-03,
Sveriges högskoleminister,Regeringen Löfven III,Q3373058,2019-01-21,2021-11-30
Sveriges EU-minister,Regeringen Löfven II,Q5615474,2019-01-21,2021-07-09
Sveriges EU-minister,Regeringen Andersson,Q5615474,2021-07-09,
Sveriges biståndsminister,Regeringen Löfven II,Q241208,2020-12-17,2021-02-05
Sveriges finansminister,Regeringen Löfven III,Q4935873,2014-10-03,2021-11-30
Sveriges miljöminister,Regeringen Löfven III,Q5581337,2021-02-05,2021-11-30
Klimatminister,Regeringen Löfven III,Q5581337,2021-02-05,2021-11-30
Sveriges miljöminister,Regeringen Löfven II,Q241208,2019-01-21,2021-02-05
Sveriges handelsminister,Regeringen Löfven III,Q67207189,2019-09-10,
Sveriges utrikesminister,Regeringen Löfven II,Q18243775,2019-09-10,
Sveriges justitieminister,Regeringen Löfven II,Q5887217,2014-10-03,
Sveriges högskoleminister,Regeringen Löfven II,Q3373058,2019-01-21,2021-11-30
Sveriges ungdomsminister,Regeringen Löfven I,Q4946204,2016-09-13,2019-01-21
Sveriges utrikesminister,Regeringen Andersson,Q18243775,2019-09-10,
Sveriges infrastrukturminister,Regeringen Löfven I,Q5711551,2017-07-27,
Sveriges finansminister,Regeringen Löfven II,Q4935873,2014-10-03,2021-11-30
Sveriges justitieminister,Regeringen Andersson,Q5887217,2014-10-03,
Klimatminister,Regeringen Löfven II,Q5581337,2021-02-05,2021-11-30
Sveriges handelsminister,Regeringen Löfven II,Q67207189,2019-09-10,
Sveriges kulturminister,Regeringen Löfven I,Q4725739,2014-10-03,2019-01-21
Sveriges socialminister,Regeringen Löfven III,Q3431836,2019-01-21,
Sveriges digitaliseringsminister,Regeringen Löfven III,Q3375050,2019-01-21,2021-11-30
Sveriges finansmarknadsminister,Regeringen Löfven III,Q23916255,2021-02-05,2021-11-30
Sveriges biståndsminister,Regeringen Löfven II,Q470630,2019-01-21,2020-12-17
Sveriges migrationsminister,Regeringen Löfven III,Q5887217,2019-01-21,2021-11-30
Sveriges landsbygdsminister,Regeringen Löfven I,Q4609816,2014-10-03,2019-01-21
Sveriges biståndsminister,Regeringen Löfven III,Q19977122,2021-02-05,2021-11-30
Sveriges socialminister,Regeringen Löfven II,Q3431836,2019-01-21,
Sveriges demokratiminister,Regeringen Löfven I,Q4725739,2014-10-03,2019-01-21
Sveriges digitaliseringsminister,Regeringen Löfven II,Q3375050,2019-01-21,2021-11-30
Sveriges finansmarknadsminister,Regeringen Löfven II,Q23916255,2021-02-05,2021-11-30
Sveriges jämställdhetsminister,Regeringen Löfven II,Q23916255,2019-01-21,2021-02-05
Sveriges socialminister,Regeringen Andersson,Q3431836,2019-01-21,
Sveriges migrationsminister,Regeringen Löfven II,Q5887217,2019-01-21,2021-11-30
Sveriges infrastrukturminister,Regeringen Löfven III,Q5711551,2017-07-27,
Sveriges kulturminister,Regeringen Andersson,Q109828321,2021-11-30,
