name,replacer,party,district,start,end,note,chamber,id,party_abbrev,gender
Margit Odelsparr,Thorbjörn Fälldin,Centerpartiet,Västernorrlands län,1982,1982-10-07,government change,Enkammarriksdagen,margit_odelsparr_e82a64,C,woman
Olle Wästberg,Ola Ullsten,Folkpartiet,Stockholms kommun,1982,1982-10-07,government change,Enkammarriksdagen,olle_wastberg_7cbe9e,L,man
Stina Andersson,Karin Söder,Centerpartiet,Stockholms län,1982,1982-10-07,government change,Enkammarriksdagen,stina_andersson_96ac34,C,woman
Andres Küng,Karin Ahrland,Folkpartiet,Fyrstadskretsen,1982,1982-10-07,government change,Enkammarriksdagen,andres_kung_658db9,L,man
Karl-Anders Petersson,Claes Elmstedt,Centerpartiet,Blekinge län,1982,1982-10-07,government change,Enkammarriksdagen,karl-anders_petersson_54b80f,C,man
Linnea Hörlén,Rolf Wirtén,Folkpartiet,Jönköpings län,1982,1982-10-07,government change,Enkammarriksdagen,linnea_horlen_ad56c5,L,woman
Cecilia Jensfelt,Olof Johansson,Centerpartiet,Stockholms kommun,1982,1982-10-07,government change,Enkammarriksdagen,cecilia_jensfelt_dae65d,C,woman
Bonnie Bernström,Jan-Erik Wikström,Folkpartiet,Stockholms kommun,1982,1982-10-07,government change,Enkammarriksdagen,bonnie_bernstrom_9569ad,L,woman
Dick Olsson,Ulla Tillander,Centerpartiet,Fyrstadskretsen,1982,1982-10-07,government change,Enkammarriksdagen,dick_olsson_6d1660,C,man
Erling Bager,Björn Molin,Folkpartiet,Göteborgs kommun,1982,1982-10-07,government change,Enkammarriksdagen,erling_bager_843083,L,man
Anna Eliasson,Karin Andersson,Centerpartiet,Stockholms kommun,1982,1982-10-07,government change,Enkammarriksdagen,anna_eliasson_79d534,C,woman
Stina Eliasson,Nils Åsling,Centerpartiet,Jämtlands län,1982,1982-10-07,government change,Enkammarriksdagen,stina_eliasson_2df291,C,woman
Göran Engström,Karl Boo,Centerpartiet,Kopparbergs län,1982,1982-10-07,government change,Enkammarriksdagen,goran_engstrom_609e5d,C,man
Daniel Tarschys,Ingemar Eliasson,Folkpartiet,Stockholms län,1982,1982-10-07,government change,Enkammarriksdagen,daniel_tarschys_b14101,L,man
Monica Andersson,Olof Palme,Socialdemokraterna,Stockholms kommun,1982-10-08,1985,government change,Enkammarriksdagen,monica_andersson_6358dd,S,woman
Barbro Evermo,Gertrud Sigurdsen,Socialdemokraterna,Stockholms kommun,1982-10-08,1985,government change,Enkammarriksdagen,barbro_evermo_feb9ce,S,woman
Bosse Ringholm,Sten Andersson,Socialdemokraterna,Stockholms kommun,1982-10-08,1985,government change,Enkammarriksdagen,bosse_ringholm_441cca,S,man
Bengt Lindqvist,Anita Gradin,Socialdemokraterna,Stockholms kommun,1982-10-08,1985,government change,Enkammarriksdagen,bengt_lindqvist_99e249,S,man
Sören Lekberg,Anna-Greta Leijon,Socialdemokraterna,Stockholms län,1982-10-08,1985,government change,Enkammarriksdagen,soren_lekberg_2a6b3e,S,man
Ulf Lönnqvist,Ingvar Carlsson,Socialdemokraterna,Stockholms län,1982-10-08,1985,government change,Enkammarriksdagen,ulf_lonnqvist_baf3a7,S,man
Hans Göran Franck,Thage G. Peterson,Socialdemokraterna,Stockholms län,1982-10-08,1985,government change,Enkammarriksdagen,hans_goran_franck_53902a,S,man
Anna Lindh,Birgitta Dahl,Socialdemokraterna,Uppsala län,1982-10-08,1985,government change,Enkammarriksdagen,anna_lindh_b018e7,S,woman
Lars Andersson,Svante Lundkvist,Socialdemokraterna,Södermanlands län,1982-10-08,1985,government change,Enkammarriksdagen,lars_andersson_a0ab50,S,man
Christer Skoog,Hans Gustafsson,Socialdemokraterna,Blekinge län,1982-10-08,1985,government change,Enkammarriksdagen,christer_skoog_c60b3d,S,man
Margareta Hemmingsson,Lena Hjelm-Wallén,Socialdemokraterna,Västmanlands län,1982-10-08,1985,government change,Enkammarriksdagen,margareta_hemmingsson_af8b1b,S,woman
Bengt-Ola Ryttar,Kjell-Olof Feldt,Socialdemokraterna,Kopparbergs län,1982-10-08,1985,government change,Enkammarriksdagen,bengt-ola_ryttar_5ba435,S,man
Bruno Poromaa,Curt Boström,Socialdemokraterna,Norrbottens län,1982-10-08,1985,government change,Enkammarriksdagen,bruno_poromaa_ed2a7b,S,man
Ulla-Britt Åbark,Ingemund Bengtsson,Socialdemokraterna,Hallands län,1985,1988,,Enkammarriksdagen,ulla-britt_abark_43bc62,S,woman
Barbro Evermo,Olof Palme,Socialdemokraterna,Stockholms kommun,1985,1988,,Enkammarriksdagen,barbro_evermo_54cdf0,S,woman
Åke Wictorsson,Ingvar Carlsson,Socialdemokraterna,Stockholms län,1985,1988,,Enkammarriksdagen,ake_wictorsson_c86538,S,man
Reynoldh Furustrand,Svante Lundkvist,Socialdemokraterna,Södermanlands län,1985,1988,,Enkammarriksdagen,reynoldh_furustrand_f19808,S,man
Bengt-Ola Ryttar,Kjell-Olof Feldt,Socialdemokraterna,Kopparbergs län,1985,1988,,Enkammarriksdagen,bengt-ola_ryttar_679411,S,man
Stig Gustafsson,Gertrud Sigurdsen,Socialdemokraterna,Stockholms kommun,1985,1988,,Enkammarriksdagen,stig_gustafsson_2c8390,S,man
Christer Skoog,Hans Gustafsson,Socialdemokraterna,Blekinge län,1985,1988,,Enkammarriksdagen,christer_skoog_6a387a,S,man
Hans-Eric Andersson,Anna-Greta Leijon,Socialdemokraterna,Stockholms län,1985,1988,,Enkammarriksdagen,hans-eric_andersson_30f458,S,man
Yngve Wernersson,Lena Hjelm-Wallén,Socialdemokraterna,Västmanlands län,1985,1988,,Enkammarriksdagen,yngve_wernersson_a385a8,S,man
Eva Johansson,Thage G. Peterson,Socialdemokraterna,Stockholms län,1985,1988,,Enkammarriksdagen,eva_johansson_e679c5,S,woman
Margareta Persson,Sten Andersson,Socialdemokraterna,Stockholms kommun,1985,1988,,Enkammarriksdagen,margareta_persson_cb2d91,S,woman
Torgny Larsson,Bengt Göransson,Socialdemokraterna,Göteborgs kommun,1985,1988,,Enkammarriksdagen,torgny_larsson_e14d63,S,man
Bengt Lindqvist,Anita Gradin,Socialdemokraterna,Stockholms kommun,1985,1988,,Enkammarriksdagen,bengt_lindqvist_fc9b2e,S,man
Mats O. Karlsson,Birgitta Dahl,Socialdemokraterna,Uppsala län,1985,1988,,Enkammarriksdagen,mats_o_karlsson_5b999f,S,man
Jarl Lander,Roine Carlsson,Socialdemokraterna,Värmlands län,1985,1988,,Enkammarriksdagen,jarl_lander_6905c2,S,man
Barbro Nilsson,Bo Holmberg,Socialdemokraterna,Västernorrlands län,1985,1988,,Enkammarriksdagen,barbro_nilsson_fa468c,S,woman
Gerd Engman,Mats Hellström,Socialdemokraterna,Stockholms kommun,1985,1988,,Enkammarriksdagen,gerd_engman_d16a14,S,man
Lars Gustafsson,Ingvar Carlsson,Socialdemokraterna,Stockholms län,1988,1991,,Enkammarriksdagen,lars_gustafsson_5cf37e,S,man
Leo Persson,Kjell-Olof Feldt,Socialdemokraterna,Kopparbergs län,1988,1991,,Enkammarriksdagen,leo_persson_f59abe,S,man
Barbro Evermo Palmerlund,Gertrud Sigurdsen,Socialdemokraterna,Stockholms kommun,1988,1991,,Enkammarriksdagen,barbro_evermo_palmerlund_88af25,S,woman
Ethel Duvskog,Hans Gustafsson,Socialdemokraterna,Blekinge län,1988,1991,,Enkammarriksdagen,ethel_duvskog_e4aa37,S,woman
Yngve Wernersson,Lena Hjelm-Wallén,Socialdemokraterna,Västmanlands län,1988,1991,,Enkammarriksdagen,yngve_wernersson_acd524,S,man
Sven-Åke Nygårds,Sten Andersson,Socialdemokraterna,Stockholms kommun,1988,1991,,Enkammarriksdagen,sven-ake_nygards_2d6628,S,man
Anneli Hulthén,Bengt Göransson,Socialdemokraterna,Göteborgs kommun,1988,1991,,Enkammarriksdagen,anneli_hulthen_1e86e4,S,woman
Stig Gustafsson,Anita Gradin,Socialdemokraterna,Stockholms kommun,1988,1991,,Enkammarriksdagen,stig_gustafsson_ae548e,S,man
Barbro Andersson,Birgitta Dahl,Socialdemokraterna,Uppsala län,1988,1991,,Enkammarriksdagen,barbro_andersson_ba7444,S,woman
Lisbeth Staaf-Igelström,Roine Carlsson,Socialdemokraterna,Värmlands län,1988,1991,,Enkammarriksdagen,lisbeth_staaf-igelstrom_6e6fd5,S,woman
Barbro Nilsson,Bo Holmberg,Socialdemokraterna,Västernorrlands län,1988,1991,,Enkammarriksdagen,barbro_nilsson_0a6e21,S,woman
Margareta Persson,Mats Hellström,Socialdemokraterna,Stockholms kommun,1988,1991,,Enkammarriksdagen,margareta_persson_36a7db,S,woman
Marianne Carlström,Sven Hulterström,Socialdemokraterna,Göteborgs kommun,1988,1991,,Enkammarriksdagen,marianne_carlstrom_05c8c8,S,woman
Erkki Tammenoksa,Bengt Lindqvist,Socialdemokraterna,Stockholms kommun,1988,1991,,Enkammarriksdagen,erkki_tammenoksa_d10864,S,man
Eivor Husing,Georg Andersson,Socialdemokraterna,Västerbottens län,1988,1991,,Enkammarriksdagen,eivor_husing_bdf9bc,S,woman
Åke Wictorsson,Ulf Lönnqvist,Socialdemokraterna,Stockholms län,1988,1991,,Enkammarriksdagen,ake_wictorsson_012dab,S,man
Christina Pettersson,Ingela Thalén,Socialdemokraterna,Stockholms län,1988,1991,,Enkammarriksdagen,christina_pettersson_9078d1,S,woman
Sylvia Pettersson,Thage G. Peterson,Socialdemokraterna,Stockholms län,1988,1991,,Enkammarriksdagen,sylvia_pettersson_bdecfb,S,woman
Christina Axelsson,Pierre Schori,Socialdemokraterna,"Stockholms län, plats 45",1994,1998,,Enkammarriksdagen,christina_axelsson_c0d67a,S,woman
Cinnika Beiming,Pär Nuder,Socialdemokraterna,"Stockholms län, plats 61",1994,1998,,Enkammarriksdagen,cinnika_beiming_d7fe0e,S,woman
Mats Berglind,Thomas Östros,Socialdemokraterna,"Uppsala län, plats 74",1994,1998,,Enkammarriksdagen,mats_berglind_0bb48c,S,man
Agneta Brendt,Ulrica Messing,Socialdemokraterna,"Gävleborgs län, plats 307",1994,1998,,Enkammarriksdagen,agneta_brendt_324099,S,woman
Björn Ericson,Ines Uusmann,Socialdemokraterna,"Stockholms län, plats 43",1994,1998,,Enkammarriksdagen,bjorn_ericson_c6b798,S,man
Christer Erlandsson,Björn von Sydow,Socialdemokraterna,"Stockholms län, plats 60",1994,1998,,Enkammarriksdagen,christer_erlandsson_ff7542,S,man
Hans Hoff,Ingegerd Sahlström,Socialdemokraterna,"Hallands län, plats 184",1994,1998,,Enkammarriksdagen,hans_hoff_76eb03,S,man
Elisebeht Markström,Göran Persson,Socialdemokraterna,"Södermanlands län, plats 79",1994,1998,,Enkammarriksdagen,elisebeht_markstrom_c10dd5,S,woman
Majvi Andersson,Nalin Pekgul,Socialdemokraterna,"Stockholms kommun, plats 26",1994,1998,,Enkammarriksdagen,majvi_andersson_6e130d,S,woman
Jörgen Persson,Margareta Winberg,Socialdemokraterna,"Jämtlands län, plats 323",1994,1998,,Enkammarriksdagen,jorgen_persson_818509,S,man
Marina Pettersson,Bo Finnkvist,Socialdemokraterna,"Värmlands län, plats 253",1994,1998,,Enkammarriksdagen,marina_pettersson_a5dd10,S,woman
Berndt Sköldestig,Maj-Inger Klingvall,Socialdemokraterna,"Östergötlands län, plats 95",1994,1998,,Enkammarriksdagen,berndt_skoldestig_a99c6b,S,man
Åsa Stenberg,Thage G Peterson,Socialdemokraterna,"Stockholms län, plats 28",1994,1998,,Enkammarriksdagen,asa_stenberg_3922b5,S,woman
Lennart Thörnlund,Eva Persson Sellin,Socialdemokraterna,"Norrbottens län, plats 346",1994,1998,,Enkammarriksdagen,lennart_thornlund_c0d285,S,man
Tone Tingsgård,Birgitta Dahl,Socialdemokraterna,"Uppsala län, plats 63",1994,1998,,Enkammarriksdagen,tone_tingsgard_3d94f0,S,woman
Mariann Ytterberg,Lena Hjelm-Wallén,Socialdemokraterna,"Västmanlands län, plats 275",1994,1998,,Enkammarriksdagen,mariann_ytterberg_ccfbc6,S,woman
Alexandra Anstrell,Hillevi Engström,Moderaterna,Stockholms län,2014-09-29,2014-10-03,,Enkammarriksdagen,alexandra_anstrell_9d17db,M,woman
Gulan Avci,Maria Arnholm,Liberalerna,Stockholms län,2014-09-29,2014-10-03,,Enkammarriksdagen,gulan_avci_1b8bf8,L,Gulan Avci
Erik Bengtzboe,Ulf Kristersson,Moderaterna,Södermanlands län,2014-09-29,2014-10-03,,Enkammarriksdagen,erik_bengtzboe_a963e6,M,man
Gustav Blix,Beatrice Ask,Moderaterna,Stockholms kommun,2014-09-29,2014-10-03,,Enkammarriksdagen,gustav_blix_64ca04,M,man
Staffan Danielsson,Lena Ek,Centerpartiet,Östergötlands län,2014-09-29,2014-10-03,,Enkammarriksdagen,staffan_danielsson_66e289,C,man
Erik Ezelius,Urban Ahlin,Socialdemokraterna,Västra Götalands läns östra,2014-09-29,2015-10-11,,Enkammarriksdagen,erik_ezelius_6095da,S,man
Rene Francis,Elisabeth Svantesson,Moderaterna,Örebro län,2014-09-29,2014-10-03,,Enkammarriksdagen,rene_francis_31ca16,M,woman
Carl B. Hamilton,Jan Björklund,Liberalerna,Stockholms län,2014-09-29,2014-10-03,,Enkammarriksdagen,carl_b_hamilton_f3c379,L,man
Isabella Hökmark,Karin Enström,Moderaterna,Stockholms län,2014-09-29,2014-10-03,,Enkammarriksdagen,isabella_hokmark_048e70,M,woman
Karin Karlsbro,Erik Ullenhag,Liberalerna,Stockholms kommun,2014-09-29,2014-10-03,,Enkammarriksdagen,karin_karlsbro_190bdf,L,woman
Dag Klackenberg,Fredrik Reinfeldt,Moderaterna,Stockholms kommun,2014-09-29,2014-10-03,,Enkammarriksdagen,dag_klackenberg_856dcd,M,man
Göran Lindell,Annie Lööf,Centerpartiet,Jönköpings län,2014-09-29,2014-10-03,,Enkammarriksdagen,goran_lindell_5999dc,C,man
Nina Lundström,Birgitta Ohlsson,Liberalerna,Stockholms kommun,2014-09-29,2014-10-03,,Enkammarriksdagen,nina_lundstrom_25ca36,L,woman
Karin Nilsson,Eskil Erlandsson,Centerpartiet,Kronobergs län,2014-09-29,2014-10-03,,Enkammarriksdagen,karin_nilsson_1c1da6,C,woman
Erik Ottoson,Ewa Björling,Moderaterna,Stockholms län,2014-09-29,2014-10-03,,Enkammarriksdagen,erik_ottoson_799427,M,man
Fredrik Schulte,Catharina Elmsäter-Svärd,Moderaterna,Stockholms län,2014-09-29,2014-10-03,,Enkammarriksdagen,fredrik_schulte_ffd40c,M,man
Larry Söder,Göran Hägglund,Kristdemokraterna,Hallands län,2014-09-29,2014-10-03,,Enkammarriksdagen,larry_soder_153bed,KD,man
Agneta Karlsson,Ibrahim Baylan,Socialdemokraterna,Stockholms län,2014-10-03,2014-10-13,,Enkammarriksdagen,agneta_karlsson_c4638c,S,woman
Patrik Engström,Peter Hultqvist,Socialdemokraterna,Dalarnas län,2014-10-03,2017-03-31,,Enkammarriksdagen,patrik_engstrom_a910e5,S,man
Sanne Lennström[n 24],Ardalan Shekarabi,Socialdemokraterna,Uppsala län,2014-10-03,2017-04-23,,Enkammarriksdagen,sanne_lennstrom[n_24]_bba31b,S,woman
Shadiye Heydari,Anna Johansson,Socialdemokraterna,Göteborgs kommun,2014-10-03,2017-07-27,,Enkammarriksdagen,shadiye_heydari_7563ae,S,woman
Ida Karkiainen,Sven-Erik Bucht,Socialdemokraterna,Norrbottens län,2014-10-03,2015-08-31,,Enkammarriksdagen,ida_karkiainen_4de97d,S,woman
Elisabet Knutsson,Gustav Fridolin,Miljöpartiet,Skåne läns norra och östra,2014-10-03,2018-09-24,,Enkammarriksdagen,elisabet_knutsson_4a30bb,MP,woman
Serkan Köse,Magdalena Andersson,Socialdemokraterna,Stockholms län,2014-10-03,2017-03-31,,Enkammarriksdagen,serkan_kose_3d44f0,S,man
Teres Lindberg,Ylva Johansson,Socialdemokraterna,Stockholms kommun,2014-10-03,2015-09-30,,Enkammarriksdagen,teres_lindberg_590c93,S,woman
Stefan Nilsson,Per Bolund,Miljöpartiet,Stockholms kommun,2014-10-03,2016-06-06,,Enkammarriksdagen,stefan_nilsson_eb06dd,MP,man
Marianne Pettersson,Morgan Johansson,Socialdemokraterna,Skåne läns södra,2014-10-03,2018-09-24,,Enkammarriksdagen,marianne_pettersson_a7591e,S,woman
Lawen Redar,Stefan Löfven,Socialdemokraterna,Stockholms kommun,2014-10-03,2015-09-30,,Enkammarriksdagen,lawen_redar_dbb8e6,S,woman
Azadeh Rojhan Gustafsson,Mikael Damberg,Socialdemokraterna,Stockholms län,2014-10-03,2016-08-09,,Enkammarriksdagen,azadeh_rojhan_gustafsson_2c1e7e,S,
Pernilla Stålhammar,Åsa Romson,Miljöpartiet,Stockholms kommun,2014-10-03,2016-06-06,,Enkammarriksdagen,pernilla_stalhammar_e5056d,MP,woman
Börje Vestlund,Anders Ygeman,Socialdemokraterna,Stockholms kommun,2014-10-03,2015-09-30,,Enkammarriksdagen,borje_vestlund_9e56c6,S,man
Jakop Dalunde,Per Olsson,Miljöpartiet,Stockholms kommun,2014-10-14,2015-05-17,,Enkammarriksdagen,jakop_dalunde_c2c93c,MP,man
Mathias Tegnér,Ibrahim Baylan,Socialdemokraterna,Stockholms län,2014-10-14,2015-10-31,,Enkammarriksdagen,mathias_tegner_4c96fa,S,man
Fredrik Eriksson,Jimmie Åkesson,Sverigedemokraterna,Jönköpings län,2014-10-22,2014-12-21,,Enkammarriksdagen,fredrik_eriksson_09dbb4,SD,man
Lars Püss,Jenny Petersson,Moderaterna,Hallands län,2014-11-03,2015-03-29,,Enkammarriksdagen,lars_puss_a07802,M,man
Nina Lundström,Birgitta Ohlsson,Liberalerna,Stockholms kommun,2014-11-17,2015-07-03,,Enkammarriksdagen,nina_lundstrom_fe0f5b,L,woman
Gunnar Hedberg,Ulrika Karlsson,Moderaterna,Uppsala län,2014-12-01,2015-05-30,,Enkammarriksdagen,gunnar_hedberg_60c8a7,M,man
Heidi Karlsson[n 25],Jimmie Åkesson,Sverigedemokraterna,Jönköpings län,2014-12-22,2015-03-31,,Enkammarriksdagen,heidi_karlsson[n_25]_140ec2,SD,woman
Crister Spets,Jeff Ahl,Sverigedemokraterna,Hallands län,2015-02-03,2015-03-10,,Enkammarriksdagen,crister_spets_8e7da1,SD,man
Monica Tedestam Berglöw,Margareta Larsson,Sverigedemokraterna,Västra Götalands läns östra,2015-02-05,2015-03-10,,Enkammarriksdagen,monica_tedestam_berglow_18284f,SD,woman
Crister Spets,Margareta Larsson,Sverigedemokraterna,Västra Götalands läns östra,2015-03-11,2015-03-31,,Enkammarriksdagen,crister_spets_1243c0,SD,man
Heidi Karlsson,Margareta Larsson,Sverigedemokraterna,Västra Götalands läns östra,2015-04-01,2015-05-15,,Enkammarriksdagen,heidi_karlsson_6a0b2a,SD,woman
Torbjörn Björlund,Linda Snecker,Vänsterpartiet,Östergötlands län,2015-04-07,2015-06-21,,Enkammarriksdagen,torbjorn_bjorlund_8de3fd,V,man
Jakop Dalunde,Maria Ferm,Miljöpartiet,Stockholms kommun,2015-05-18,2015-12-17,,Enkammarriksdagen,jakop_dalunde_dc90bd,MP,man
Magda Rasmusson,Per Olsson,Miljöpartiet,Stockholms kommun,2015-05-18,2015-12-17,,Enkammarriksdagen,magda_rasmusson_2c2217,MP,woman
Torbjörn Björlund,Linda Snecker,Vänsterpartiet,Östergötlands län,2015-08-03,2016-01-04,,Enkammarriksdagen,torbjorn_bjorlund_d4f385,V,man
Linus Sköld,Sven-Erik Bucht,Socialdemokraterna,Norrbottens län,2015-09-01,2016-04-04,,Enkammarriksdagen,linus_skold_0e3db7,S,man
Eva Lindh,Johan Löfstrand,Socialdemokraterna,Östergötlands län,2015-09-01,2015-12-31,,Enkammarriksdagen,eva_lindh_16a691,S,woman
Göran Lindell,Annie Lööf,Centerpartiet,Jönköpings län,2015-09-11,2016-03-31,,Enkammarriksdagen,goran_lindell_154dbd,C,man
Ulrika Heindorff,Jonas Jacobsson Gjörtler,Moderaterna,Skåne läns västra,2015-09-28,2015-12-31,,Enkammarriksdagen,ulrika_heindorff_cee74e,M,woman
Börje Vestlund,Stefan Löfven,Socialdemokraterna,Stockholms kommun,2015-10-01,2017-05-28,,Enkammarriksdagen,borje_vestlund_ed81a5,S,man
Teres Lindberg,Anders Ygeman,Socialdemokraterna,Stockholms kommun,2015-10-01,2017-05-28,,Enkammarriksdagen,teres_lindberg_6c25f2,S,woman
Anders Österberg,Ylva Johansson,Socialdemokraterna,Stockholms kommun,2015-10-01,2017-05-28,,Enkammarriksdagen,anders_osterberg_d9d1b6,S,man
Ida Ekeroth,Urban Ahlin,Socialdemokraterna,Västra Götalands läns östra,2015-10-12,2015-12-31,,Enkammarriksdagen,ida_ekeroth_8f0112,S,woman
Jamal Mouneimne,Katarina Köhler,Socialdemokraterna,Västerbottens län,2015-10-29,2017-09-12,,Enkammarriksdagen,jamal_mouneimne_db1e7f,S,man
John Skoglund,Peter Johnsson,Socialdemokraterna,Västra Götalands läns norra,2015-10-29,2015-12-07,,Enkammarriksdagen,john_skoglund_934a52,S,man
Anna Vikström,Ibrahim Baylan,Socialdemokraterna,Stockholms län,2015-11-01,2016-04-30,,Enkammarriksdagen,anna_vikstrom_0dbab9,S,woman
Anders Lönnberg,Åsa Westlund,Socialdemokraterna,Stockholms län,2015-11-01,2016-04-30,,Enkammarriksdagen,anders_lonnberg_7b7ecc,S,man
Mats Pertoft,Annika Hirvonen Falk,Miljöpartiet,Stockholms län,2015-12-11,2016-08-06,,Enkammarriksdagen,mats_pertoft_84c0a5,MP,man
Magda Rasmusson,Maria Ferm,Miljöpartiet,Stockholms kommun,2015-12-18,2015-12-31,,Enkammarriksdagen,magda_rasmusson_39c3a9,MP,woman
Jakop Dalunde,Per Olsson,Miljöpartiet,Stockholms kommun,2015-12-18,2016-06-06,,Enkammarriksdagen,jakop_dalunde_638386,MP,man
Erik Ezelius,Urban Ahlin,Socialdemokraterna,Västra Götalands läns östra,2016-01-01,2018-09-24,,Enkammarriksdagen,erik_ezelius_b9ebad,S,man
Heidi Karlsson,Jeff Ahl,Sverigedemokraterna,Hallands län,2016-01-11,2016-07-28,,Enkammarriksdagen,heidi_karlsson_8c88f5,SD,woman
Rolf Åbjörnsson,Jakob Forssmed,Kristdemokraterna,Stockholms län,2016-01-14,2016-03-04,,Enkammarriksdagen,rolf_abjornsson_5ab048,KD,man
Camilla Hansén,Jonas Eriksson,Miljöpartiet,Stockholms kommun,2016-01-18,2016-07-31,,Enkammarriksdagen,camilla_hansen_cf2794,MP,woman
Eva Wallin,Roland Utbult,Kristdemokraterna,Västra Götalands läns västra,2016-03-08,2016-05-22,,Enkammarriksdagen,eva_wallin_740ace,KD,woman
Ida Karkiainen,Sven-Erik Bucht,Socialdemokraterna,Norrbottens län,2016-04-05,2018-09-24,,Enkammarriksdagen,ida_karkiainen_490dde,S,woman
Eva Lindh,Teresa Carvalho,Socialdemokraterna,Östergötlands län,2016-04-18,2017-01-01,,Enkammarriksdagen,eva_lindh_52e918,S,woman
Mathias Tegnér,Ibrahim Baylan,Socialdemokraterna,Stockholms län,2016-05-01,2018-09-24,,Enkammarriksdagen,mathias_tegner_4e6fcd,S,man
Jenny Bengtsson,Ali Esbati,Vänsterpartiet,Stockholms län,2016-05-12,2016-07-27,,Enkammarriksdagen,jenny_bengtsson_fd4abb,V,woman
Pernilla Stålhammar,Per Bolund,Miljöpartiet,Stockholms kommun,2016-06-07,2017-07-14,,Enkammarriksdagen,pernilla_stalhammar_468891,MP,woman
Stefan Nilsson,Per Olsson,Miljöpartiet,Stockholms kommun,2016-06-07,2017-07-14,,Enkammarriksdagen,stefan_nilsson_e9ad64,MP,man
Crister Spets,Julia Kronlid,Sverigedemokraterna,Stockholms län,2016-06-14,2016-07-28,,Enkammarriksdagen,crister_spets_60ee99,SD,man
Jamal El-Haj,Leif Jakobsson,Socialdemokraterna,Malmö kommun,2016-06-15,2018-09-24,,Enkammarriksdagen,jamal_el-haj_fcd74c,S,man
Christer Adelsbo,Anna Wallentheim,Socialdemokraterna,Skåne läns norra och östra,2016-07-01,2017-03-05,,Enkammarriksdagen,christer_adelsbo_a5e72b,S,man
Heidi Karlsson,Julia Kronlid,Sverigedemokraterna,Stockholms län,2016-07-29,2017-03-18,,Enkammarriksdagen,heidi_karlsson_82cb45,SD,woman
Alexandra Anstrell,Ida Drougge,Moderaterna,Stockholms län,2016-08-01,2017-01-31,,Enkammarriksdagen,alexandra_anstrell_1ff9a0,M,woman
Anna Vikström,Mikael Damberg,Socialdemokraterna,Stockholms län,2016-08-10,2017-04-01,,Enkammarriksdagen,anna_vikstrom_c864ce,S,woman
Åsa Eriksson,Olle Thorell,Socialdemokraterna,Västmanlands län,2016-08-15,2017-04-01,,Enkammarriksdagen,asa_eriksson_1c1fba,S,woman
Roland Gustbée,Johan Hultberg,Moderaterna,Kronobergs län,2016-09-12,2017-02-26,,Enkammarriksdagen,roland_gustbee_447716,M,man
Pål Jonson,Pia Hallström,Moderaterna,Värmlands län,2016-09-14,2016-10-11,,Enkammarriksdagen,pal_jonson_0c3b19,M,man
Marie-Louise Rönnmark,Björn Wiechel,Socialdemokraterna,Västerbottens län,2016-10-01,2017-04-01,,Enkammarriksdagen,marie-louise_ronnmark_26ac35,S,woman
Gustav Blix,Amir Adan,Moderaterna,Stockholms kommun,2016-10-03,2016-12-02,,Enkammarriksdagen,gustav_blix_934555,M,man
Stefan Svanström,Caroline Szyber,Kristdemokraterna,Stockholms kommun,2016-10-11,2017-01-01,,Enkammarriksdagen,stefan_svanstrom_044a2e,KD,man
Crister Spets,Paula Bieler,Sverigedemokraterna,Kalmar län,2016-10-19,2016-12-23,,Enkammarriksdagen,crister_spets_3bd0b1,SD,man
Sofia Modigh,Caroline Szyber,Kristdemokraterna,Stockholms kommun,2017-01-02,2017-04-30,,Enkammarriksdagen,sofia_modigh_a94712,KD,woman
Faradj Koliev,Leif Nysmed,Socialdemokraterna,Stockholms län,2017-01-09,2017-06-30,,Enkammarriksdagen,faradj_koliev_de6164,S,man
Rolf Åbjörnsson,Jakob Forssmed,Kristdemokraterna,Stockholms län,2017-01-12,2017-02-12,,Enkammarriksdagen,rolf_abjornsson_bb9492,KD,man
Linus Sköld,Hannah Bergstedt,Socialdemokraterna,Norrbottens län,2017-02-01,2017-08-01,,Enkammarriksdagen,linus_skold_6603d9,S,man
Eva Lindh,Johan Löfstrand,Socialdemokraterna,Östergötlands län,2017-02-27,2017-06-30,,Enkammarriksdagen,eva_lindh_6a3233,S,woman
Sultan Kayhan,Arhe Hamednaca,Socialdemokraterna,Stockholms kommun,2017-03-02,2017-05-28,,Enkammarriksdagen,sultan_kayhan_9d23af,S,woman
Crister Spets,Anders Forsberg,Sverigedemokraterna,Malmö kommun,2017-03-03,2017-03-18,,Enkammarriksdagen,crister_spets_954b8a,SD,man
Heidi Karlsson,Anders Forsberg,Sverigedemokraterna,Malmö kommun,2017-03-19,2017-03-20,,Enkammarriksdagen,heidi_karlsson_866960,SD,woman
Crister Spets,Anders Forsberg,Sverigedemokraterna,Malmö kommun,2017-03-21,2017-06-01,,Enkammarriksdagen,crister_spets_015ae2,SD,man
Heidi Karlsson,Julia Kronlid,Sverigedemokraterna,Stockholms län,2017-03-21,2017-05-14,,Enkammarriksdagen,heidi_karlsson_a05432,SD,woman
Marie Olsson,Peter Hultqvist,Socialdemokraterna,Dalarnas län,2017-04-01,2018-09-24,,Enkammarriksdagen,marie_olsson_177528,S,woman
Anders Lönnberg,Magdalena Andersson,Socialdemokraterna,Stockholms län,2017-04-01,2017-08-31,,Enkammarriksdagen,anders_lonnberg_55da54,S,man
Azadeh Rojhan Gustafsson,Mikael Damberg,Socialdemokraterna,Stockholms län,2017-04-02,2018-09-24,,Enkammarriksdagen,azadeh_rojhan_gustafsson_e8eb59,S,
Gustaf Lantz,Ardalan Shekarabi,Socialdemokraterna,Uppsala län,2017-04-24,2017-12-31,,Enkammarriksdagen,gustaf_lantz_c7aa0d,S,man
Camilla Mårtensen,Mats Persson,Liberalerna,Skåne läns södra,2017-05-02,2017-07-02,,Enkammarriksdagen,camilla_martensen_118202,L,woman
Björn Rubenson,Annika Eclund,Kristdemokraterna,Västra Götalands läns östra,2017-05-03,2017-09-30,,Enkammarriksdagen,bjorn_rubenson_4c86a4,KD,man
Heidi Karlsson,Jeff Ahl,Sverigedemokraterna,Hallands län,2017-05-15,2017-06-01,,Enkammarriksdagen,heidi_karlsson_6517eb,SD,woman
Gunnar Hedberg,Ulrika Karlsson,Moderaterna,Uppsala län,2017-05-18,2017-06-18,,Enkammarriksdagen,gunnar_hedberg_206e7b,M,man
Teres Lindberg,Stefan Löfven,Socialdemokraterna,Stockholms kommun,2017-05-29,2017-09-24,,Enkammarriksdagen,teres_lindberg_27959c,S,woman
Anders Österberg,Anders Ygeman,Socialdemokraterna,Stockholms kommun,2017-05-29,2017-07-27,,Enkammarriksdagen,anders_osterberg_6408dd,S,man
Sultan Kayhan,Ylva Johansson,Socialdemokraterna,Stockholms kommun,2017-05-29,2017-09-24,,Enkammarriksdagen,sultan_kayhan_6e4172,S,woman
Mattias Vepsä,Arhe Hamednaca,Socialdemokraterna,Stockholms kommun,2017-05-29,2017-07-27,,Enkammarriksdagen,mattias_vepsa_e581c6,S,man
Crister Spets,Jeff Ahl,Sverigedemokraterna,Hallands län,2017-06-02,2017-06-30,,Enkammarriksdagen,crister_spets_966be8,SD,man
Helena Bonnier,Tina Ghasemi,Moderaterna,Stockholms kommun,2017-07-05,2018-03-05,,Enkammarriksdagen,helena_bonnier_6c0e88,M,woman
Camilla Mårtensen,Mats Persson,Liberalerna,Skåne läns södra,2017-07-06,2017-08-06,,Enkammarriksdagen,camilla_martensen_5c9e71,L,woman
Stefan Nilsson[n 26],Per Bolund,Miljöpartiet,Stockholms kommun,2017-07-15,2018-09-24,,Enkammarriksdagen,stefan_nilsson[n_26]_eb0477,MP,man
Lorentz Tovatt,Per Olsson,Miljöpartiet,Stockholms kommun,2017-07-15,2018-09-24,,Enkammarriksdagen,lorentz_tovatt_70a656,MP,man
ClasGöran Carlsson,Tomas Eneroth,Socialdemokraterna,Kronobergs län,2017-07-27,2018-09-24,,Enkammarriksdagen,clasgoran_carlsson_b23ab1,S,man
Anders Österberg,Arhe Hamednaca,Socialdemokraterna,Stockholms kommun,2017-07-28,2017-09-24,,Enkammarriksdagen,anders_osterberg_a1e81c,S,man
Eva-Lena Gustavsson,Jonas Gunnarsson,Socialdemokraterna,Värmlands län,2017-08-02,2018-01-21,,Enkammarriksdagen,eva-lena_gustavsson_0c2b1b,S,woman
Serkan Köse,Magdalena Andersson,Socialdemokraterna,Stockholms län,2017-09-01,2018-09-24,,Enkammarriksdagen,serkan_kose_e5278c,S,man
John Widegren,Andreas Norlén,Moderaterna,Östergötlands län,2017-09-11,2017-12-31,,Enkammarriksdagen,john_widegren_21cc2a,M,man
Marie-Louise Rönnmark,Katarina Köhler,Socialdemokraterna,Västerbottens län,2017-09-13,2017-10-15,,Enkammarriksdagen,marie-louise_ronnmark_0341e0,S,woman
Anders Österberg,Stefan Löfven,Socialdemokraterna,Stockholms kommun,2017-09-25,2018-09-24,,Enkammarriksdagen,anders_osterberg_be5d1f,S,man
Sultan Kayhan,Arhe Hamednaca,Socialdemokraterna,Stockholms kommun,2017-09-25,2018-09-24,,Enkammarriksdagen,sultan_kayhan_badd09,S,woman
Mattias Vepsä,Ylva Johansson,Socialdemokraterna,Stockholms kommun,2017-09-25,2018-09-24,,Enkammarriksdagen,mattias_vepsa_3ac86a,S,man
Crister Spets,Jeff Ahl,Sverigedemokraterna,Hallands län,2017-10-01,2017-10-31,,Enkammarriksdagen,crister_spets_f7da47,SD,man
David Lindvall,Hanna Westerén,Socialdemokraterna,Gotlands län,2017-10-09,2018-07-15,,Enkammarriksdagen,david_lindvall_0ddaa9,S,man
Åsa Eriksson,Anna Wallén,Socialdemokraterna,Västmanlands län,2017-10-09,2018-03-14,,Enkammarriksdagen,asa_eriksson_007ff3,S,woman
Mats Pertoft,Annika Hirvonen Falk,Miljöpartiet,Stockholms län,2017-10-19,2018-04-17,,Enkammarriksdagen,mats_pertoft_6d9a7b,MP,man
Marie-Louise Rönnmark,Katarina Köhler,Socialdemokraterna,Västerbottens län,2017-10-19,2018-09-24,,Enkammarriksdagen,marie-louise_ronnmark_858350,S,woman
Crister Spets,Jeff Ahl,Sverigedemokraterna,Hallands län,2017-12-01,2018-02-28,,Enkammarriksdagen,crister_spets_d608a8,SD,man
Sanne Lennström,Ardalan Shekarabi,Socialdemokraterna,Uppsala län,2018-01-01,2018-09-24,,Enkammarriksdagen,sanne_lennstrom_e15df8,S,woman
Lars Püss,Jenny Petersson,Moderaterna,Hallands län,2018-01-29,2018-05-06,,Enkammarriksdagen,lars_puss_92f6a1,M,man
Erik Slottner,Désirée Pethrus,Kristdemokraterna,Stockholms kommun,2018-02-05,2018-09-24,,Enkammarriksdagen,erik_slottner_07aee3,KD,man
Amne Ali,Emanuel Öz,Socialdemokraterna,Stockholms kommun,2018-03-01,2018-05-31,,Enkammarriksdagen,amne_ali_c006fe,S,woman
Karl Längberg,Lena Hallengren,Socialdemokraterna,Kalmar län,2018-03-08,2018-09-24,,Enkammarriksdagen,karl_langberg_c60060,S,man
Åsa Eriksson,Anna Wallén,Socialdemokraterna,Västmanlands län,2018-03-20,2018-03-21,,Enkammarriksdagen,asa_eriksson_8864fd,S,woman
Mikael Peterson,Anna Wallén,Socialdemokraterna,Västmanlands län,2018-03-22,2018-04-29,,Enkammarriksdagen,mikael_peterson_680f86,S,man
Linus Sköld,Hannah Bergstedt,Socialdemokraterna,Norrbottens län,2018-04-16,2018-06-14,,Enkammarriksdagen,linus_skold_4b5553,S,man
ClasGöran Carlsson,Tomas Eneroth,Socialdemokraterna,Stockholms län,2018-09-24,,,Enkammarriksdagen,clasgoran_carlsson_7c9806,S,man
Elin Gustafsson,Morgan Johansson,Socialdemokraterna,Skåne läns södra,2018-09-24,,,Enkammarriksdagen,elin_gustafsson_7b0f5d,S,woman
Roza Güclü Hedin,Peter Hultqvist,Socialdemokraterna,Dalarnas län,2018-09-24,,,Enkammarriksdagen,roza_guclu_hedin_cad1a3,S,woman
Thomas Hammarberg,Ylva Johansson,Socialdemokraterna,Stockholms kommun,2018-09-24,2019-09-04,,Enkammarriksdagen,thomas_hammarberg_159843,S,man
Annika Hirvonen,Alice Bah Kuhnke,Miljöpartiet,Stockholms län,2018-09-24,2019-01-21,,Enkammarriksdagen,annika_hirvonen_d1976d,MP,woman
Annica Hjerling,Karolina Skog,Miljöpartiet,Stockholms län,2018-09-24,2019-01-21,,Enkammarriksdagen,annica_hjerling_8484fb,MP,woman
Sultan Kayhan,Annika Strandhäll,Socialdemokraterna,Stockholms kommun,2018-09-24,2019-09-04,,Enkammarriksdagen,sultan_kayhan_0c0113,S,woman
Gustaf Lantz,Ardalan Shekarabi,Socialdemokraterna,Uppsala län,2018-09-24,2020-08-23,,Enkammarriksdagen,gustaf_lantz_d84dc3,S,man
Åsa Lindhagen,Per Bolund,Miljöpartiet,Stockholms kommun,2018-09-24,2019-01-21,,Enkammarriksdagen,asa_lindhagen_fc0413,MP,woman
Anders Lönnberg,Mikael Damberg,Socialdemokraterna,Stockholms län,2018-09-24,2019-01-31,,Enkammarriksdagen,anders_lonnberg_42fa1c,S,man
Jasenko Omanović,Stefan Löfven,Socialdemokraterna,Västernorrlands län,2018-09-24,2021-08-31,,Enkammarriksdagen,jasenko_omanovic_cf22a3,S,man
Amanda Palmstierna,Gustav Fridolin,Miljöpartiet,Stockholms län,2018-09-24,2019-01-21,,Enkammarriksdagen,amanda_palmstierna_5d311a,MP,woman
Björn Petersson,Lena Hallengren,Socialdemokraterna,Kalmar län,2018-09-24,,,Enkammarriksdagen,bjorn_petersson_c99683,S,man
Azadeh Rojhan Gustafsson,Helene Hellmark Knutsson,Socialdemokraterna,Stockholms län,2018-09-24,2019-01-21,,Enkammarriksdagen,azadeh_rojhan_gustafsson_5be9e2,S,woman
Markus Selin,Ibrahim Baylan,Socialdemokraterna,Stockholms län,2018-09-24,2019-01-21,,Enkammarriksdagen,markus_selin_bda16b,S,man
Linus Sköld,Sven-Erik Bucht,Socialdemokraterna,Norrbottens län,2018-09-24,2019-01-21,,Enkammarriksdagen,linus_skold_4ed411,S,man
Lorentz Tovatt,Isabella Lövin,Miljöpartiet,Stockholms kommun,2018-09-24,2021-01-31,,Enkammarriksdagen,lorentz_tovatt_bf2fc1,MP,man
Anna Vikström,Magdalena Andersson,Socialdemokraterna,Stockholms län,2018-09-24,2020-07-31,,Enkammarriksdagen,anna_vikstrom_18ce68,S,woman
John Widegren,Andreas Norlén,Moderaterna,Östergötlands län,2018-09-24,,,Enkammarriksdagen,john_widegren_f41d89,M,man
Christian Carlsson,Désirée Pethrus,Kristdemokraterna,Stockholms kommun,2018-09-24,2018-12-31,,Enkammarriksdagen,christian_carlsson_ddb4d5,KD,man
Mattias Ingeson,Acko Ankarberg Johansson,Kristdemokraterna,Jönköpings län,2018-09-24,2018-10-22,,Enkammarriksdagen,mattias_ingeson_d34b3f,KD,man
Marie Axelsson,Alexandra Völker,Socialdemokraterna,Stockholms län,2018-10-15,2019-01-21,,Enkammarriksdagen,marie_axelsson_88e910,S,woman
Lena Emilsson,Yasmine Bladelius,Socialdemokraterna,Skåne läns västra,2018-11-25,2019-05-31,,Enkammarriksdagen,lena_emilsson_d08f3f,S,woman
Fredrik Stenberg,Björn Wiechel,Socialdemokraterna,Västerbottens län,2018-12-01,2019-01-01,,Enkammarriksdagen,fredrik_stenberg_f28728,S,man
Maria Jacobsson,Kalle Olsson,Socialdemokraterna,Jämtlands län,2018-12-13,2019-01-13,,Enkammarriksdagen,maria_jacobsson_dce483,S,woman
Abir Al-Sahlani,Johan Hedin,Centerpartiet,Stockholms kommun,2019-01-14,2019-06-19,,Enkammarriksdagen,abir_al-sahlani_d54cf7,C,woman
Nermina Mizimovic,Laila Naraghi,Socialdemokraterna,Kalmar län,2019-01-22,2019-05-07,,Enkammarriksdagen,nermina_mizimovic_00037d,S,woman
Markus Selin,Alexandra Völker,Socialdemokraterna,Stockholms län,2019-01-22,2019-01-31,,Enkammarriksdagen,markus_selin_6b5d73,S,man
Daniel Andersson,Matilda Ernkrans,Socialdemokraterna,Örebro län,2019-01-22,2021-09-02,,Enkammarriksdagen,daniel_andersson_630f93,S,man
Sara Heikkinen Breitholtz,Jennie Nilsson,Socialdemokraterna,Hallands län,2019-01-22,2021-06-30,,Enkammarriksdagen,sara_heikkinen_breitholtz_bc5c3a,S,woman
Azadeh Rojhan Gustafsson,Ibrahim Baylan,Socialdemokraterna,Stockholms län,2019-01-22,2019-01-31,,Enkammarriksdagen,azadeh_rojhan_gustafsson_96e4e2,S,woman
Pernilla Stålhammar,Per Bolund,Miljöpartiet,Stockholms kommun,2019-01-22,,,Enkammarriksdagen,pernilla_stalhammar_da7a4d,MP,woman
Mattias Vepsä,Anders Ygeman,Socialdemokraterna,Stockholms kommun,2019-01-22,2019-07-14,,Enkammarriksdagen,mattias_vepsa_3d29af,S,man
Mats Berglund,Maria Ferm,Miljöpartiet,Stockholms kommun,2019-01-23,,,Enkammarriksdagen,mats_berglund_bf957d,MP,man
Azadeh Rojhan Gustafsson,Mikael Damberg,Socialdemokraterna,Stockholms län,2019-02-01,2020-07-31,,Enkammarriksdagen,azadeh_rojhan_gustafsson_9a5c8b,S,
Markus Selin,Ibrahim Baylan,Socialdemokraterna,Stockholms län,2019-02-01,2020-07-31,,Enkammarriksdagen,markus_selin_cb8425,S,man
Marie Axelsson,Alexandra Völker,Socialdemokraterna,Stockholms län,2019-02-01,2019-07-31,,Enkammarriksdagen,marie_axelsson_1aa61d,S,woman
Erica Nådin,Teresa Carvalho,Socialdemokraterna,Östergötlands län,2019-02-11,2019-11-30,,Enkammarriksdagen,erica_nadin_6c8703,S,woman
Fredrik Schulte,Ida Drougge,Moderaterna,Stockholms län,2019-02-11,2019-07-01,,Enkammarriksdagen,fredrik_schulte_8185fe,M,man
Johanna Rantsi,Ellen Juntti,Moderaterna,Västra Götalands läns västra,2019-02-18,2019-04-11,,Enkammarriksdagen,johanna_rantsi_108ebf,M,woman
Åsa Hartzell,Lars Hjälmered,Moderaterna,Göteborgs kommun,2019-02-25,2019-05-10,,Enkammarriksdagen,asa_hartzell_e9dc4c,M,woman
Hannah Bergstedt,Emilia Töyrä,Socialdemokraterna,Norrbottens län,2019-02-26,2019-11-30,,Enkammarriksdagen,hannah_bergstedt_5c9838,S,woman
Henrik Edin,Robert Hannah,Liberalerna,Göteborgs kommun,2019-03-13,2019-05-17,,Enkammarriksdagen,henrik_edin_8ee258,L,man
Katarina Olofsson,Ludvig Aspling,Sverigedemokraterna,Stockholms län,2019-05-28,2019-06-27,,Enkammarriksdagen,katarina_olofsson_db0285,SD,woman
Richard Herrey,Ida Drougge,Moderaterna,Stockholms län,2019-07-02,2019-09-09,,Enkammarriksdagen,richard_herrey_5c91b1,M,man
Elsemarie Bjellqvist,Anders Ygeman,Socialdemokraterna,Stockholms kommun,2019-07-15,2019-09-04,,Enkammarriksdagen,elsemarie_bjellqvist_e721b5,S,woman
Andreas Lennkvist Manriquez,Nooshi Dadgostar,Vänsterpartiet,Stockholms kommun,2019-08-19,2020-02-29,,Enkammarriksdagen,andreas_lennkvist_manriquez_4fa4e9,V,man
Lars Jilmstad,Jessica Rosencrantz,Moderaterna,Stockholms kommun,2019-08-26,2019-12-31,,Enkammarriksdagen,lars_jilmstad_8d5022,M,man
Elsemarie Bjellqvist,Annika Strandhäll,Socialdemokraterna,Stockholms kommun,2019-09-05,2019-10-01,,Enkammarriksdagen,elsemarie_bjellqvist_382c9f,S,woman
Sultan Kayhan,Anders Ygeman,Socialdemokraterna,Stockholms kommun,2019-09-05,2020-03-08,,Enkammarriksdagen,sultan_kayhan_d55a2d,S,woman
Lars-Arne Staxäng,Johan Hultberg,Moderaterna,Västra Götalands läns norra,2019-09-09,2020-03-01,,Enkammarriksdagen,lars-arne_staxang_8b0581,M,man
Lena Emilsson,Ola Möller,Socialdemokraterna,Skåne läns västra,2019-10-04,2019-11-03,,Enkammarriksdagen,lena_emilsson_7c114f,S,woman
Inga-Lill Sjöblom,Sanne Lennström,Socialdemokraterna,Uppsala län,2019-10-21,2020-05-17,,Enkammarriksdagen,inga-lill_sjoblom_08d506,S,woman
Nermina Mizimovic,Laila Naraghi,Socialdemokraterna,Kalmar län,2019-11-11,2020-02-14,,Enkammarriksdagen,nermina_mizimovic_c8788a,S,woman
Göran Lindell,Annie Lööf,Centerpartiet,Jönköpings län,2019-12-13,2020-08-31,,Enkammarriksdagen,goran_lindell_d40988,C,man
Fredrik Stenberg,Björn Wiechel,Socialdemokraterna,Västerbottens län,2019-12-20,2020-08-09,,Enkammarriksdagen,fredrik_stenberg_cb5771,S,man
Amir Adan,Jessica Rosencrantz,Moderaterna,Stockholms kommun,2020-01-01,2020-05-03,,Enkammarriksdagen,amir_adan_879263,M,man
Marcus Jonsson,Jakob Forssmed,Kristdemokraterna,Stockholms län,2020-01-14,2020-02-20,,Enkammarriksdagen,marcus_jonsson_0f7fdb,KD,man
Cecilia Engström,Michael Anefur,Kristdemokraterna,Skåne läns västra,2020-01-14,2020-08-30,,Enkammarriksdagen,cecilia_engstrom_4ca3ac,KD,woman
Mattias Ingeson,Andreas Carlson,Kristdemokraterna,Jönköpings län,2020-01-16,2020-03-18,,Enkammarriksdagen,mattias_ingeson_7c852e,KD,man
Monika Lövgren,David Perez,Sverigedemokraterna,Uppsala län,2020-02-29,2021-02-28,,Enkammarriksdagen,monika_lovgren_8da8df,SD,woman
Harald Hjalmarsson,Jan R. Andersson,Moderaterna,Kalmar län,2020-03-09,2020-06-21,,Enkammarriksdagen,harald_hjalmarsson_1c6e04,M,man
Mattias Vepsä,Anders Ygeman,Socialdemokraterna,Stockholms kommun,2020-03-09,,,Enkammarriksdagen,mattias_vepsa_755824,S,man
Stina Larsson,Kristina Yngwe,Centerpartiet,Skåne läns södra,2020-04-07,2020-11-29,,Enkammarriksdagen,stina_larsson_f2256d,C,woman
Johanna Öfverbeck,Rasmus Ling,Miljöpartiet,Malmö kommun,2020-05-04,2020-12-31,,Enkammarriksdagen,johanna_ofverbeck_3c6272,MP,woman
Azadeh Rojhan Gustafsson,Magdalena Andersson,Socialdemokraterna,Stockholms län,2020-08-01,,,Enkammarriksdagen,azadeh_rojhan_gustafsson_9eabfb,S,
Markus Selin,Mikael Damberg,Socialdemokraterna,Stockholms län,2020-08-01,,,Enkammarriksdagen,markus_selin_275ebc,S,man
Abraham Halef,Ibrahim Baylan,Socialdemokraterna,Stockholms län,2020-08-01,,,Enkammarriksdagen,abraham_halef_4b3d3c,S,man
Inga-Lill Sjöblom,Ardalan Shekarabi,Socialdemokraterna,Uppsala län,2020-08-24,2020-12-15,,Enkammarriksdagen,inga-lill_sjoblom_84bcc7,S,woman
Malin Höglund,Carl-Oskar Bohlin,Moderaterna,Dalarnas län,2020-08-31,2021-02-01,,Enkammarriksdagen,malin_hoglund_8b6263,M,woman
Lena Emilsson,Yasmine Bladelius,Socialdemokraterna,Skåne läns västra,2020-09-01,2021-04-30,,Enkammarriksdagen,lena_emilsson_aeed76,S,woman
Nermina Mizimovic,Tomas Kronståhl,Socialdemokraterna,Kalmar län,2020-09-08,2020-12-01,,Enkammarriksdagen,nermina_mizimovic_7d6962,S,woman
Anne-Li Sjölund,Emil Källström,Centerpartiet,Västernorrlands län,2020-09-22,2021-03-31,,Enkammarriksdagen,anne-li_sjolund_cc025e,C,woman
Inge Ståhlgren,Fredrik Olovsson,Socialdemokraterna,Södermanlands län,2020-10-02,2021-09-08,,Enkammarriksdagen,inge_stahlgren_555a64,S,man
Mats Sander,Ulrika Heindorff,Moderaterna,Skåne läns västra,2020-11-02,2021-05-02,,Enkammarriksdagen,mats_sander_29144b,M,man
Solange Olame Bayibsa,Mathias Tegnér,Socialdemokraterna,Stockholms län,2020-12-01,2021-05-31,,Enkammarriksdagen,solange_olame_bayibsa_cddc11,S,woman
Richard Herrey,Erik Ottoson,Moderaterna,Stockholms län,2020-12-08,2021-01-31,,Enkammarriksdagen,richard_herrey_864ad4,M,man
Gustaf Lantz,Ardalan Shekarabi,Socialdemokraterna,Uppsala län,2020-12-16,,,Enkammarriksdagen,gustaf_lantz_743b2c,S,man
Hannes Hervieu,Johan Hedin,Centerpartiet,Stockholms kommun,2021-01-01,2021-02-28,,Enkammarriksdagen,hannes_hervieu_f44dfc,C,man
Emma Ahlström Köster,Louise Meijer,Moderaterna,Skåne läns södra,2021-01-01,2021-05-23,,Enkammarriksdagen,emma_ahlstrom_koster_fa875a,M,woman
Nicklas Attefjord,Janine Alm Ericson,Miljöpartiet,Västra Götalands läns västra,2021-02-09,,,Enkammarriksdagen,nicklas_attefjord_7baa42,MP,man
Hannah Bergstedt,Emilia Töyrä,Socialdemokraterna,Norrbottens län,2021-03-15,2021-08-27,,Enkammarriksdagen,hannah_bergstedt_b31be4,S,woman
Ulrika Karlsson,Marta Obminska,Moderaterna,Uppsala län,2021-04-26,,,Enkammarriksdagen,ulrika_karlsson_8cfdc0,M,woman
Daniel Färm,Alexandra Völker,Socialdemokraterna,Stockholms län,2021-05-10,2021-05-31,,Enkammarriksdagen,daniel_farm_8cc0c7,S,man
Solange Olame Bayibsa,Alexandra Völker,Socialdemokraterna,Stockholms län,2021-06-01,,,Enkammarriksdagen,solange_olame_bayibsa_4e2398,S,woman
Paula Örn,Aylin Fazelian,Socialdemokraterna,Västra Götalands läns västra,2021-07-01,,,Enkammarriksdagen,paula_orn_6ffcf5,S,woman
Anna-Belle Strömberg,Stefan Löfven,Socialdemokraterna,Västernorrlands län,2021-09-01,,,Enkammarriksdagen,anna-belle_stromberg_daeadf,S,woman
Åsa Hartzell,David Josefsson,Moderaterna,Göteborgs kommun,2021-09-01,,,Enkammarriksdagen,asa_hartzell_66e372,M,woman
Eva-Lena Jansson,Matilda Ernkrans,Socialdemokraterna,Örebro län,2021-09-03,,,Enkammarriksdagen,eva-lena_jansson_3ebe20,S,woman
Sofia Amloh,Fredrik Olovsson,Socialdemokraterna,Södermanlands län,2021-09-08,,,Enkammarriksdagen,sofia_amloh_c6f7fc,S,woman
Margareta Fransson,Rebecka Le Moine,Miljöpartiet,Östergötlands län,2021-09-19,,,Enkammarriksdagen,margareta_fransson_95c034,MP,woman
Axel Hallberg,Emma Berginger,Miljöpartiet,Skåne läns södra,2021-09-20,,,Enkammarriksdagen,axel_hallberg_6b1424,MP,man
Stefan Plath,Sara Gille,Sverigedemokraterna,Malmö kommun,2021-09-27,,,Enkammarriksdagen,stefan_plath_bf635e,SD,man
Christina Nilsson,Markus Wiechel,Sverigedemokraterna,Östergötlands län,2021-10-20,,,Enkammarriksdagen,christina_nilsson_243a26,SD,woman
Marie Granlund,Hillevi Larsson,Socialdemokraterna,Malmö kommun,2021-10-20,,,Enkammarriksdagen,marie_granlund_1c41df,S,woman
Kristoffer Lindberg,Patrik Lundqvist,Socialdemokraterna,Gävleborgs län,2021-11-01,,,Enkammarriksdagen,kristoffer_lindberg_85704c,S,man
